magnitude,place,sig,magType,time,updated,latitude,longitude,depth,magCategory,country_code,sig_class
4.5,"37 km N of Metah?ra, Ethiopia",312,mb,17/01/2025 17:18,17/01/2025 18:05,9.2414,39.8888,10,Moderate,ET,Moderate
4.6,"74 km SSE of China, Japan",326,mb,17/01/2025 7:09,17/01/2025 7:57,26.7519,128.9437,10,Moderate,JP,Moderate
4.7,"47 km NNW of ?wash, Ethiopia",343,mb,17/01/2025 1:46,17/01/2025 9:44,9.403,40.0704,10,Moderate,ET,Moderate
4.7,"93 km SW of Panguna, Papua New Guinea",340,mb,17/01/2025 18:15,17/01/2025 20:22,-6.8201,154.8011,10,Moderate,PG,Moderate
4.9,"167 km W of Lata, Solomon Islands",369,mb,17/01/2025 4:24,17/01/2025 5:24,-10.762,164.2692,10,Moderate,SB,Moderate
4.9,Southwest Indian Ridge,369,mb,17/01/2025 8:52,17/01/2025 9:24,-39.0304,46.348,10,Moderate,MG,Moderate
4.9,central Mid-Atlantic Ridge,369,mb,17/01/2025 1:35,17/01/2025 2:46,6.9819,-35.738,10,Moderate,BR,Moderate
5,"1 km ENE of Lapinigan, Philippines",386,mb,17/01/2025 8:55,17/01/2025 14:42,8.4245,125.9949,10,Moderate,PH,Moderate
5,"92 km SW of Panguna, Papua New Guinea",385,mww,17/01/2025 18:21,17/01/2025 18:54,-6.983,154.9752,10,Moderate,PG,Moderate
5,southern Mid-Atlantic Ridge,385,mb,17/01/2025 1:10,18/01/2025 0:52,-24.9547,-14.0354,10,Moderate,SH,Moderate
5,western Indian-Antarctic Ridge,385,mb,17/01/2025 19:19,17/01/2025 19:39,-49.912,118.1467,10,Moderate,AU,Moderate
2.13,"4 km S of Indios, Puerto Rico",70,md,17/01/2025 22:16,17/01/2025 22:54,17.95116667,-66.81533333,10.58,Light,PR,Low
3.26,"93 km SSW of Alberto Oviedo Mota, B.C., MX",164,ml,17/01/2025 13:27,17/01/2025 22:08,31.4703333,-115.5981667,5.57,Light,MX,Moderate
3.53,"86 km N of Brenas, Puerto Rico",192,md,17/01/2025 8:52,17/01/2025 18:21,19.244,-66.4396,15,Light,PR,Moderate
4.3,"24 km NNE of Constitución, Chile",284,mwr,17/01/2025 16:56,17/01/2025 17:10,-35.1469,-72.2716,35,Moderate,CL,Moderate
4.4,"19 km ENE of Tarata, Peru",298,mb,17/01/2025 20:39,17/01/2025 23:04,-17.4243,-69.8572,147.802,Moderate,PE,Moderate
4.6,"83 km S of Koshima, Japan",326,mb,17/01/2025 5:02,17/01/2025 8:30,29.4797,130.5151,35.333,Moderate,JP,Moderate
4.6,"87 km ENE of Popondetta, Papua New Guinea",326,mb,17/01/2025 18:53,17/01/2025 19:49,-8.57,149.0001,10.169,Moderate,PG,Moderate
4.7,"265 km SSE of Katsuura, Japan",340,mb,17/01/2025 12:35,17/01/2025 14:55,33.0768,141.7682,30.698,Moderate,JP,Moderate
4.8,"51 km ENE of Port-Olry, Vanuatu",354,mb,17/01/2025 17:34,17/01/2025 18:29,-14.8263,167.4993,138.621,Moderate,VU,Moderate
4.9,"53 km W of Kirakira, Solomon Islands",369,mb,17/01/2025 7:43,17/01/2025 8:14,-10.433,161.4368,82.806,Moderate,SB,Moderate
0.75,"7 km NW of The Geysers, CA",9,md,17/01/2025 15:38,17/01/2025 15:40,38.8188324,-122.8209991,2.089999914,Minor,US,Low
0.76,"7 km NW of The Geysers, CA",9,md,17/01/2025 4:38,17/01/2025 4:40,38.81016541,-122.822998,2.019999981,Minor,US,Low
0.86,"7 km NW of The Geysers, CA",11,md,17/01/2025 17:10,17/01/2025 17:12,38.81949997,-122.8161697,3.769999981,Minor,US,Low
0.98,"7 km NW of The Geysers, CA",15,md,17/01/2025 3:46,17/01/2025 3:48,38.81650162,-122.819664,2.450000048,Minor,US,Low
1.07,"7 km NW of The Geysers, CA",18,md,17/01/2025 7:19,17/01/2025 7:20,38.8133316,-122.8271637,1.980000019,Minor,US,Low
1.07,"7 km NW of The Geysers, CA",18,md,17/01/2025 20:11,17/01/2025 20:12,38.8133316,-122.8239975,2.269999981,Minor,US,Low
1.08,"7 km NW of The Geysers, CA",18,md,17/01/2025 3:36,17/01/2025 3:37,38.81600189,-122.8186646,2.460000038,Minor,US,Low
1.08,"7 km NW of The Geysers, CA",18,md,17/01/2025 20:04,17/01/2025 20:05,38.81833267,-122.8225021,2.440000057,Minor,US,Low
1.09,"7 km NW of The Geysers, CA",18,md,17/01/2025 11:46,17/01/2025 11:48,38.81983185,-122.8231659,2.579999924,Minor,US,Low
-0.15,"4 km ENE of Magna, Utah",0,md,17/01/2025 4:39,17/01/2025 16:19,40.7285,-112.0606667,9.46,Minor,US,Low
0.22,"7 km WNW of Cobb, CA",1,md,17/01/2025 13:19,17/01/2025 13:21,38.83399963,-122.8056641,1.850000024,Minor,US,Low
0.26,"3 km NW of The Geysers, CA",1,md,17/01/2025 22:55,17/01/2025 22:56,38.79266739,-122.7788315,1.970000029,Minor,US,Low
0.28,"5 km NNW of The Geysers, CA",1,md,17/01/2025 9:53,17/01/2025 9:54,38.80950165,-122.7938309,3.150000095,Minor,US,Low
0.3,"3 km NW of The Geysers, CA",1,md,17/01/2025 13:48,17/01/2025 13:49,38.79333496,-122.7773361,1.399999976,Minor,US,Low
0.31,"2 km NNE of The Geysers, CA",1,md,17/01/2025 15:57,17/01/2025 15:58,38.79416656,-122.7518311,1.629999995,Minor,US,Low
0.31,"3 km NNW of The Geysers, CA",1,md,17/01/2025 9:15,17/01/2025 9:17,38.80099869,-122.770668,1.190000057,Minor,US,Low
0.44,"8 km WNW of Cobb, CA",3,md,17/01/2025 16:05,17/01/2025 16:06,38.83649826,-122.8186646,1.850000024,Minor,US,Low
0.45,"4 km NE of Magna, Utah",3,md,17/01/2025 4:39,17/01/2025 16:12,40.73133333,-112.0623333,8.09,Minor,US,Low
0.46,"12 km E of Cloverdale, CA",3,md,17/01/2025 15:42,17/01/2025 15:44,38.83433151,-122.8831635,2.480000019,Minor,US,Low
0.51,"7 km WNW of Cobb, CA",4,md,17/01/2025 8:14,17/01/2025 8:16,38.83716583,-122.8001633,1.659999967,Minor,US,Low
0.53,"2 km NNE of The Geysers, CA",4,md,17/01/2025 10:40,17/01/2025 10:41,38.79600143,-122.7493362,1.559999943,Minor,US,Low
0.66,"8 km WNW of Cobb, CA",7,md,17/01/2025 15:40,17/01/2025 15:42,38.83800125,-122.8081665,2.069999933,Minor,US,Low
0.68,"8 km NW of The Geysers, CA",7,md,17/01/2025 13:01,17/01/2025 13:03,38.82883453,-122.8255005,1.669999957,Minor,US,Low
0.69,"10 km NW of The Geysers, CA",7,md,17/01/2025 13:13,17/01/2025 13:15,38.82366562,-122.8519974,2.130000114,Minor,US,Low
0.72,"9 km WNW of Cobb, CA",8,md,17/01/2025 8:27,17/01/2025 8:29,38.83950043,-122.8248367,1.809999943,Minor,US,Low
0.74,"2 km NNE of The Geysers, CA",8,md,17/01/2025 10:18,17/01/2025 10:20,38.79299927,-122.7491684,2.690000057,Minor,US,Low
0.74,"8 km WNW of Cobb, CA",8,md,17/01/2025 1:16,17/01/2025 1:18,38.83449936,-122.8154984,1.649999976,Minor,US,Low
0.76,"9 km NW of The Geysers, CA",9,md,17/01/2025 18:17,17/01/2025 18:19,38.82066727,-122.8438339,1.870000005,Minor,US,Low
0.77,"1 km NNE of The Geysers, CA",9,md,17/01/2025 14:51,17/01/2025 14:53,38.78816605,-122.7563324,2.74000001,Minor,US,Low
0.77,"10 km NW of The Geysers, CA",9,md,17/01/2025 22:08,17/01/2025 22:10,38.82533264,-122.8513336,2.579999924,Minor,US,Low
0.77,"5 km NNW of The Geysers, CA",9,md,17/01/2025 21:21,17/01/2025 21:23,38.80916595,-122.7929993,1.210000038,Minor,US,Low
0.77,"9 km NW of The Geysers, CA",9,md,17/01/2025 21:16,17/01/2025 21:18,38.83366776,-122.8346634,0.850000024,Minor,US,Low
0.78,"8 km NNW of The Geysers, CA",9,md,17/01/2025 1:39,17/01/2025 1:40,38.83399963,-122.8160019,3.160000086,Minor,US,Low
0.79,"2 km N of The Geysers, CA",10,md,17/01/2025 9:30,17/01/2025 9:31,38.79399872,-122.7603302,-0.540000021,Minor,US,Low
0.8,"3 km NW of The Geysers, CA",10,md,17/01/2025 5:47,17/01/2025 5:49,38.78900146,-122.7919998,1.049999952,Minor,US,Low
0.84,"3 km WNW of The Geysers, CA",11,md,17/01/2025 2:41,17/01/2025 2:43,38.7840004,-122.7956696,3.50999999,Minor,US,Low
0.85,"3 km NNW of The Geysers, CA",11,md,17/01/2025 12:03,17/01/2025 12:05,38.79966736,-122.7703323,1.710000038,Minor,US,Low
0.9,"2 km NNW of The Geysers, CA",12,md,17/01/2025 10:01,17/01/2025 10:03,38.78816605,-122.7689972,1.74000001,Minor,US,Low
0.95,"12 km NW of The Geysers, CA",14,md,17/01/2025 1:53,17/01/2025 1:55,38.83300018,-122.8775024,2.440000057,Minor,US,Low
1.02,"2 km WSW of San Ardo, CA",16,md,17/01/2025 9:31,17/01/2025 9:32,36.01166534,-120.9205017,8.75,Minor,US,Low
1.04,"9 km NW of The Geysers, CA",17,md,17/01/2025 17:10,17/01/2025 17:12,38.8219986,-122.8430023,2.210000038,Minor,US,Low
1.05,"10 km NW of The Geysers, CA",17,md,17/01/2025 22:09,17/01/2025 22:10,38.82266617,-122.8521652,2.680000067,Minor,US,Low
1.05,"2 km SW of Anderson Springs, CA",17,md,17/01/2025 11:15,17/01/2025 11:17,38.75733185,-122.7021637,1,Minor,US,Low
1.06,"2 km NW of The Geysers, CA",17,md,17/01/2025 10:15,17/01/2025 10:17,38.7923317,-122.7761688,2.24000001,Minor,US,Low
1.06,"9 km NW of The Geysers, CA",17,md,17/01/2025 23:13,17/01/2025 23:14,38.81916809,-122.8416672,2.079999924,Minor,US,Low
1.07,"1 km  of The Geysers, CA",18,md,17/01/2025 14:13,17/01/2025 14:15,38.7840004,-122.7598343,2.180000067,Minor,US,Low
1.07,"10 km NW of The Geysers, CA",18,md,17/01/2025 0:23,17/01/2025 0:24,38.82149887,-122.8533325,2.75,Minor,US,Low
1.16,"1 km NNE of Helper, Utah",21,md,17/01/2025 4:35,17/01/2025 16:06,39.7,-110.847,-3.41,Minor,US,Low
1.18,"9 km SSW of San Ardo, CA",21,md,17/01/2025 13:09,17/01/2025 13:10,35.94616699,-120.9410019,7.579999924,Minor,US,Low
1.27,"6 km NW of Cobb, CA",25,md,17/01/2025 13:00,17/01/2025 13:02,38.84949875,-122.7786636,15.15999985,Minor,US,Low
1.36,"9 km ENE of Milpitas, CA",28,md,17/01/2025 13:17,17/01/2025 13:19,37.4671669,-121.8156662,6.920000076,Minor,US,Low
1.43,"10 km ESE of Alum Rock, CA",31,md,17/01/2025 20:48,17/01/2025 20:49,37.36183167,-121.7186661,7.980000019,Minor,US,Low
1.45,"17 km WNW of Boulder Creek, CA",32,md,17/01/2025 14:55,17/01/2025 14:56,37.14583206,-122.317337,9.630000114,Minor,US,Low
1.52,"10 km WSW of Kelseyville, CA",36,md,17/01/2025 20:34,17/01/2025 20:35,38.93299866,-122.9391632,1.210000038,Minor,US,Low
1.59,"11 km E of Pinnacles, CA",39,md,17/01/2025 19:53,17/01/2025 19:55,36.5320015,-121.0183334,14.14999962,Minor,US,Low
1.6,"11 km  of Shelter Cove, CA",39,md,17/01/2025 23:57,17/01/2025 23:59,40.12599945,-124.1153336,6.559999943,Minor,US,Low
1.6,"9 km NE of Alum Rock, CA",39,md,17/01/2025 4:05,17/01/2025 4:06,37.43766785,-121.7881699,5.650000095,Minor,US,Low
1.67,"2 km W of Redwood Valley, CA",43,md,17/01/2025 16:57,17/01/2025 16:59,39.26016617,-123.2246704,6.369999886,Minor,US,Low
1.7,"2 km WNW of Anderson Springs, CA",44,md,17/01/2025 13:34,17/01/2025 13:36,38.78099823,-122.7171631,1.789999962,Minor,US,Low
1.82,"4 km NE of Willow Creek, CA",51,md,17/01/2025 4:20,17/01/2025 4:22,40.96583176,-123.5998306,23.70000076,Minor,US,Low
1.95,"4 km SW of Clayton, CA",59,md,17/01/2025 21:22,17/01/2025 22:09,37.90999985,-121.9589996,1.00999999,Minor,US,Low
2.2,"6 km W of Klamath, CA",75,md,17/01/2025 10:43,18/01/2025 1:30,41.52016667,-124.0811667,1.81,Light,US,Low
2.25,"22 km W of Petrolia, CA",78,md,17/01/2025 6:50,17/01/2025 7:12,40.31399918,-124.5400009,12.32999992,Light,US,Low
2.76,"10 km ESE of Alum Rock, CA",161,md,17/01/2025 8:16,18/01/2025 2:32,37.36233333,-121.7156667,9.71,Light,US,Moderate
2.78,"15 km W of Petrolia, CA",119,md,17/01/2025 4:07,17/01/2025 4:32,40.29266739,-124.4615021,19.5,Light,US,Moderate
2.79,"19 km S of Kettleman City, CA",120,md,17/01/2025 11:32,17/01/2025 11:57,35.83950043,-119.9606705,11.97999954,Light,US,Moderate
4,"171 km SE of Chignik, Alaska",246,ml,17/01/2025 12:37,17/01/2025 17:45,55.1221,-156.6316,20,Moderate,US,Moderate
2,"26 km SW of Adak, Alaska",62,ml,17/01/2025 12:10,18/01/2025 0:30,51.67666667,-176.8493333,10.25,Light,US,Low
2,"61 km S of Whites City, New Mexico",62,ml,17/01/2025 20:19,17/01/2025 20:59,31.633,-104.501,8.2532,Light,US,Low
2.01,"9 km SW of Corona, CA",62,ml,17/01/2025 22:05,17/01/2025 22:30,33.8083333,-117.6288333,4.34,Light,US,Low
2.02,"10 km NE of P?hala, Hawaii",63,ml,17/01/2025 19:15,17/01/2025 19:18,19.263834,-155.3996735,32.84999847,Light,US,Low
2.04,"43 km E of Fort Bidwell, California",64,ml,17/01/2025 3:45,17/01/2025 4:42,41.91966667,-119.6283333,-1.45,Light,US,Low
2.1,"12 km SE of Pearsall, Texas",68,ml,17/01/2025 3:31,17/01/2025 19:52,28.811,-99.009,7.8857,Light,US,Low
2.1,"20 km W of Happy Valley, Alaska",68,ml,17/01/2025 23:50,17/01/2025 23:53,59.9688,-152.1004,73.4,Light,US,Low
2.1,"5 km SE of Pearsall, Texas",68,ml,17/01/2025 6:42,17/01/2025 13:47,28.857,-99.053,5.6396,Light,US,Low
2.15,"30 km NW of Stanley, Idaho",71,ml,17/01/2025 5:58,17/01/2025 17:00,44.4025,-115.2185,11.62,Light,US,Low
2.2,"25 km SSE of Egegik, Alaska",74,ml,17/01/2025 12:32,18/01/2025 0:37,58.0222,-157.1364,12.4,Light,US,Low
2.2,"27 km SW of Glacier View, Alaska",74,ml,17/01/2025 16:46,17/01/2025 16:48,61.6272,-147.9991,10.1,Light,US,Low
2.2,"39 km NW of Valdez, Alaska",74,ml,17/01/2025 0:18,17/01/2025 0:20,61.3432,-146.9437,15.3,Light,US,Low
2.2,"55 km E of Pedro Bay, Alaska",74,ml,17/01/2025 23:54,17/01/2025 23:57,59.7145,-153.1241,112.4,Light,US,Low
2.21,"9 km S of Pistol River, Oregon",75,ml,17/01/2025 1:51,17/01/2025 3:58,42.1895,-124.38,-0.58,Light,US,Low
2.4,"38 km NNE of Chenega, Alaska",89,ml,17/01/2025 17:22,17/01/2025 18:29,60.3909,-147.7891,13.9,Light,US,Low
2.43,"0 km WSW of P?hala, Hawaii",91,ml,17/01/2025 10:41,17/01/2025 10:44,19.20216751,-155.482666,30.95000076,Light,US,Low
2.43,"21 km NW of Desert Center, CA",91,ml,17/01/2025 13:02,17/01/2025 18:33,33.8656667,-115.5313333,0.23,Light,US,Low
2.43,"24 km NW of Stanley, Idaho",91,ml,17/01/2025 1:35,17/01/2025 16:36,44.34416667,-115.186,6.07,Light,US,Low
2.44,"20 km E of Little Lake, CA",92,ml,17/01/2025 14:19,17/01/2025 18:33,35.9476662,-117.6804962,3.55,Light,US,Low
2.46,"14 km ESE of P?hala, Hawaii",93,ml,17/01/2025 21:10,18/01/2025 0:59,19.13783333,-155.3581667,28.62,Light,US,Low
2.5,"71 km WNW of Happy Valley, Alaska",96,ml,17/01/2025 20:03,17/01/2025 22:19,60.164,-152.9343,129.4,Light,US,Low
2.53,"25 km SSE of Fern Forest, Hawaii",98,ml,17/01/2025 18:20,17/01/2025 21:35,19.2515,-155.0455,40.55,Light,US,Low
2.6,"55 km WNW of Happy Valley, Alaska",104,ml,17/01/2025 5:20,17/01/2025 7:42,60.1372,-152.6613,107.7,Light,US,Moderate
2.6,"93 km ENE of Kodiak, Alaska",104,ml,17/01/2025 7:28,17/01/2025 8:39,58.1127,-150.954,34.8,Light,US,Moderate
2.61,"25 km WNW of Kalaoa, Hawaii",105,ml,17/01/2025 11:53,17/01/2025 20:49,19.8235,-156.1981667,4.47,Light,US,Moderate
3,"74 km N of Tanana, Alaska",139,ml,17/01/2025 16:13,17/01/2025 17:14,65.8248,-152.3776,8.2,Light,US,Moderate
3.2,"32 km WNW of Stanley, Idaho",158,ml,17/01/2025 1:37,17/01/2025 16:26,44.3463,-115.3085,18.302,Light,US,Moderate
3.2,"9 km N of Willow, Alaska",159,ml,17/01/2025 1:09,18/01/2025 1:13,61.8346,-150.0312,43.1,Light,US,Moderate
3.3,"60 km N of Petersville, Alaska",168,ml,17/01/2025 10:19,17/01/2025 12:51,63.0375,-150.9182,128.7,Light,US,Moderate
3.4,"66 km SSW of Whites City, New Mexico",178,ml,17/01/2025 23:36,18/01/2025 1:41,31.592,-104.542,9.3042,Light,US,Moderate
1.6,"12 km N of Houston, Alaska",39,ml,17/01/2025 14:13,17/01/2025 14:15,61.7439,-149.7719,34.3,Minor,US,Low
1.6,"12 km SE of Pearsall, Texas",39,ml,17/01/2025 7:33,17/01/2025 22:14,28.818,-99.005,5.1025,Minor,US,Low
1.6,"13 km ESE of Hawthorne, Nevada",39,ml,17/01/2025 6:17,17/01/2025 18:23,38.4819,-118.4826,9.2,Minor,US,Low
1.6,"13 km ESE of Hawthorne, Nevada",39,ml,17/01/2025 15:40,17/01/2025 15:42,38.495,-118.472,1.6,Minor,US,Low
1.6,"14 km ENE of Willow, Alaska",39,ml,17/01/2025 6:55,17/01/2025 6:57,61.8114,-149.7964,30,Minor,US,Low
1.6,"22 km NNE of Yerington, Nevada",40,ml,17/01/2025 0:27,17/01/2025 21:29,39.1637,-119.0462,7,Minor,US,Low
1.6,"25 km NNW of Toyah, Texas",39,ml,17/01/2025 21:22,17/01/2025 21:31,31.51,-103.93,6.5011,Minor,US,Low
1.6,"39 km NW of Valdez, Alaska",39,ml,17/01/2025 10:01,17/01/2025 10:03,61.3469,-146.931,18.1,Minor,US,Low
1.6,"41 km NW of Valdez, Alaska",39,ml,17/01/2025 1:37,17/01/2025 1:39,61.362,-146.9445,19.4,Minor,US,Low
1.6,"50 km WSW of Tatitlek, Alaska",39,ml,17/01/2025 10:45,17/01/2025 10:47,60.6428,-147.4901,11.4,Minor,US,Low
1.6,"61 km S of Whites City, New Mexico",39,ml,17/01/2025 0:25,17/01/2025 20:43,31.631,-104.502,7.6636,Minor,US,Low
0.19,"19 km W of Sitka, Alaska",1,ml,17/01/2025 14:16,18/01/2025 2:01,57.03816667,-135.6566667,7.65,Minor,US,Low
0.22,"37 km NNE of Amboy, Washington",1,ml,17/01/2025 18:45,17/01/2025 20:10,46.1935,-122.1816667,7.11,Minor,US,Low
0.23,"16 km NNE of Ashford, Washington",1,ml,17/01/2025 11:43,18/01/2025 0:57,46.8935,-121.9298333,11.33,Minor,US,Low
0.34,"23 km W of Sitka, Alaska",2,ml,17/01/2025 13:35,18/01/2025 0:58,57.07233333,-135.715,7.94,Minor,US,Low
0.37,"20 km W of Sitka, Alaska",2,ml,17/01/2025 4:19,17/01/2025 21:58,57.0495,-135.6768333,8.63,Minor,US,Low
0.37,"91 km W of Adak, Alaska",2,ml,17/01/2025 20:07,18/01/2025 4:20,51.86783333,-177.9638333,1.72,Minor,US,Low
0.38,"15 km SSE of Carbonado, Washington",2,ml,17/01/2025 4:34,17/01/2025 5:26,46.959,-121.9398333,7.49,Minor,US,Low
0.38,"20 km W of Sitka, Alaska",2,ml,17/01/2025 0:30,17/01/2025 20:04,57.03816667,-135.6686667,6.84,Minor,US,Low
0.38,"86 km NNW of Karluk, Alaska",2,ml,17/01/2025 15:00,18/01/2025 2:12,58.23916667,-155.1763333,4.24,Minor,US,Low
0.39,"65 km WNW of Beluga, Alaska",2,ml,17/01/2025 16:53,18/01/2025 3:00,61.33,-152.2425,1.5,Minor,US,Low
0.42,"11 km ENE of Ashford, Washington",3,ml,17/01/2025 1:36,17/01/2025 2:23,46.7815,-121.8873333,9.74,Minor,US,Low
0.45,"3 km SW of Logan, Montana",3,ml,17/01/2025 16:02,17/01/2025 17:58,45.862,-111.4513333,4.94,Minor,US,Low
0.46,"9 km NNW of Warner Springs, CA",3,ml,17/01/2025 4:27,17/01/2025 18:35,33.3593333,-116.6726667,14.02,Minor,US,Low
0.55,"3 km WSW of Logan, Montana",5,ml,17/01/2025 16:50,17/01/2025 18:02,45.86583333,-111.4693333,4.93,Minor,US,Low
0.56,"16 km SE of Lincoln, Montana",5,ml,17/01/2025 14:55,17/01/2025 17:52,46.835,-112.549,11.44,Minor,US,Low
0.56,"22 km W of Sitka, Alaska",5,ml,17/01/2025 18:17,18/01/2025 3:38,57.0585,-135.709,7.54,Minor,US,Low
0.56,"26 km WNW of Hebgen Lake Estates, Montana",5,ml,17/01/2025 8:45,17/01/2025 17:38,44.843,-111.5088333,7.76,Minor,US,Low
0.58,"3 km SE of Borrego Springs, CA",5,ml,17/01/2025 4:26,17/01/2025 18:35,33.2421667,-116.3516667,3.62,Minor,US,Low
0.59,"18 km NNW of Borrego Springs, CA",5,ml,17/01/2025 0:02,17/01/2025 21:06,33.4123333,-116.4346667,14.04,Minor,US,Low
0.6,"23 km W of Sitka, Alaska",6,ml,17/01/2025 18:19,18/01/2025 3:55,57.06733333,-135.7156667,7.48,Minor,US,Low
0.67,"57 km WSW of Adak, Alaska",7,ml,17/01/2025 18:56,18/01/2025 3:49,51.7045,-177.4256667,11.5,Minor,US,Low
0.68,"3 km S of Mentone, CA",7,ml,17/01/2025 13:22,17/01/2025 21:54,34.046,-117.1335,6.23,Minor,US,Low
0.69,"10 km ENE of Ocotillo Wells, CA",7,ml,17/01/2025 0:12,17/01/2025 21:12,33.1743333,-116.0321667,7.88,Minor,US,Low
0.73,"43 km SW of Unalaska, Alaska",8,ml,17/01/2025 14:13,18/01/2025 1:40,53.617,-167.0253333,14.59,Minor,US,Low
0.76,"10 km ENE of Ocotillo Wells, CA",9,ml,17/01/2025 14:53,17/01/2025 21:38,33.1731667,-116.0285,7.41,Minor,US,Low
0.76,"20 km E of Little Lake, CA",9,ml,17/01/2025 20:41,17/01/2025 20:57,35.9578333,-117.6813333,4.62,Minor,US,Low
0.77,"3 km N of Fontana, CA",9,ml,17/01/2025 4:47,17/01/2025 20:52,34.1268333,-117.4621667,9.63,Minor,US,Low
0.78,"7 km NNW of Ocotillo Wells, CA",9,ml,17/01/2025 17:35,17/01/2025 21:49,33.201,-116.1701667,6.84,Minor,US,Low
0.79,"22 km ENE of Ashford, Washington",10,ml,17/01/2025 9:47,17/01/2025 20:00,46.8495,-121.7613333,0.08,Minor,US,Low
0.8,"31 km SE of McCarthy, Alaska",10,ml,17/01/2025 18:01,17/01/2025 18:03,61.2606,-142.4553,12.9,Minor,US,Low
0.82,"11 km NE of Julian, CA",10,ml,17/01/2025 11:54,17/01/2025 18:33,33.1506667,-116.5276667,15.71,Minor,US,Low
0.82,"12 km ESE of Julian, CA",10,ml,17/01/2025 19:20,17/01/2025 22:06,33.0481667,-116.4788333,10.52,Minor,US,Low
0.87,"18 km NNW of Borrego Springs, CA",12,ml,17/01/2025 0:02,17/01/2025 21:01,33.4095,-116.4411667,14.76,Minor,US,Low
0.87,"2 km NE of Barberton, Washington",12,ml,17/01/2025 16:06,17/01/2025 21:43,45.70783333,-122.5778333,17.92,Minor,US,Low
0.87,"9 km ENE of Ocotillo Wells, CA",12,ml,17/01/2025 0:41,17/01/2025 21:21,33.1686667,-116.0385,6.07,Minor,US,Low
0.88,"3 km ESE of Lake Henshaw, CA",12,ml,17/01/2025 20:25,17/01/2025 21:32,33.2323333,-116.7335,11.44,Minor,US,Low
0.9,"18 km ESE of Ocotillo, CA",12,ml,17/01/2025 5:11,17/01/2025 22:33,32.6506667,-115.826,3.41,Minor,US,Low
0.9,"20 km NNE of Yerington, Nevada",12,ml,17/01/2025 10:27,17/01/2025 21:12,39.1595,-119.0737,6,Minor,US,Low
0.9,"22 km NNE of Yerington, Nevada",12,ml,17/01/2025 10:29,17/01/2025 21:15,39.1699,-119.0428,5.2,Minor,US,Low
0.98,"12 km NNW of Ocotillo, CA",15,ml,17/01/2025 16:51,17/01/2025 20:44,32.8356667,-116.0276667,8.13,Minor,US,Low
1,"21 km NNE of Yerington, Nevada",15,ml,17/01/2025 4:25,17/01/2025 21:05,39.1608,-119.0486,4.9,Minor,US,Low
1,"37 km NW of Stanton, Texas",15,ml,17/01/2025 7:07,17/01/2025 14:35,32.354,-102.089,7.4951,Minor,US,Low
1.02,"9 km E of Moreno Valley, CA",16,ml,17/01/2025 2:05,17/01/2025 18:36,33.9263333,-117.1296667,17.63,Minor,US,Low
1.02,"9 km SW of Corona, CA",16,ml,17/01/2025 23:54,18/01/2025 0:09,33.8075,-117.6268333,5.22,Minor,US,Low
1.03,"70 km WSW of Nikolski, Alaska",16,ml,17/01/2025 20:47,18/01/2025 4:28,52.78683333,-169.8828333,13.2,Minor,US,Low
1.04,"15 km NE of Little Lake, CA",17,ml,17/01/2025 7:10,17/01/2025 18:34,36.0233333,-117.7768333,1.57,Minor,US,Low
1.06,"3 km S of Mentone, CA",17,ml,17/01/2025 7:37,17/01/2025 21:59,34.0466667,-117.1345,6.56,Minor,US,Low
1.07,"16 km WNW of Emery, Utah",18,ml,17/01/2025 18:06,17/01/2025 18:22,38.999,-111.4106667,-1.1,Minor,US,Low
1.08,"3 km SE of Borrego Springs, CA",18,ml,17/01/2025 4:41,17/01/2025 18:34,33.2416667,-116.3533333,2.13,Minor,US,Low
1.09,"24 km NW of Lima, Montana",18,ml,17/01/2025 9:05,17/01/2025 17:46,44.79666667,-112.8,2.71,Minor,US,Low
1.1,"28 km W of Shoshone, California",19,ml,17/01/2025 10:46,17/01/2025 10:50,35.9471,-116.5839,6.8,Minor,US,Low
1.13,"3 km NNW of Fontana, CA",20,ml,17/01/2025 20:04,17/01/2025 22:11,34.1268333,-117.4653333,9.15,Minor,US,Low
1.15,"23 km NNW of Kernville, CA",20,ml,17/01/2025 9:57,17/01/2025 18:34,35.94,-118.5346667,5.82,Minor,US,Low
1.16,"10 km NNW of Idyllwild, CA",21,ml,17/01/2025 14:25,17/01/2025 18:32,33.8275,-116.75,16.7,Minor,US,Low
1.17,"3 km S of Mentone, CA",21,ml,17/01/2025 13:20,17/01/2025 18:32,34.0438333,-117.1295,6.58,Minor,US,Low
1.19,"3 km S of Mentone, CA",22,ml,17/01/2025 7:36,17/01/2025 21:48,34.0458333,-117.1328333,6.79,Minor,US,Low
1.2,"2 km ENE of Colton, CA",22,ml,17/01/2025 13:10,17/01/2025 18:33,34.0783333,-117.2946667,14.93,Minor,US,Low
1.2,"21 km NNE of Yerington, Nevada",22,ml,17/01/2025 12:20,17/01/2025 21:18,39.161,-119.0571,7.6,Minor,US,Low
1.2,"29 km SSW of Glacier View, Alaska",22,ml,17/01/2025 4:04,17/01/2025 4:08,61.5668,-147.877,20.7,Minor,US,Low
1.2,"44 km NW of Toyah, Texas",22,ml,17/01/2025 14:54,17/01/2025 20:20,31.616,-104.103,6.6125,Minor,US,Low
1.2,"59 km ENE of Independence, California",22,ml,17/01/2025 17:16,17/01/2025 17:18,36.9877,-117.5782,9,Minor,US,Low
1.2,"8 km ESE of Ackerly, Texas",22,ml,17/01/2025 10:07,17/01/2025 13:29,32.493,-101.635,7.2998,Minor,US,Low
1.24,"1 km SE of Mullan, Idaho",24,ml,17/01/2025 13:33,17/01/2025 18:14,47.46116667,-115.7866667,0.02,Minor,US,Low
1.29,"9 km SSW of Holtville, CA",26,ml,17/01/2025 11:17,17/01/2025 21:07,32.7378333,-115.419,8.31,Minor,US,Low
1.3,"14 km E of Stanton, Texas",26,ml,17/01/2025 5:42,17/01/2025 13:54,32.129,-101.635,8.667,Minor,US,Low
1.3,"16 km SW of Willow, Alaska",26,ml,17/01/2025 2:18,17/01/2025 2:21,61.6262,-150.2211,50.5,Minor,US,Low
1.3,"22 km NW of Fishhook, Alaska",26,ml,17/01/2025 12:32,17/01/2025 12:35,61.8786,-149.561,47.5,Minor,US,Low
1.31,"3 km S of Mentone, CA",26,ml,17/01/2025 0:25,17/01/2025 18:36,34.0451667,-117.1318333,5.93,Minor,US,Low
1.37,"9 km WSW of Idyllwild, CA",29,ml,17/01/2025 12:39,17/01/2025 18:34,33.695,-116.805,16.64,Minor,US,Low
1.38,"91 km W of Adak, Alaska",29,ml,17/01/2025 17:47,18/01/2025 3:12,51.872,-177.9691667,3.65,Minor,US,Low
1.39,"2 km S of Kapowsin, Washington",30,ml,17/01/2025 19:23,17/01/2025 22:45,46.96483333,-122.2308333,-0.4,Minor,US,Low
1.4,"14 km SSE of Soldotna, Alaska",30,ml,17/01/2025 8:55,17/01/2025 8:57,60.3672,-150.9805,30.4,Minor,US,Low
1.4,"23 km SSE of Dyer, Nevada",30,ml,17/01/2025 4:07,17/01/2025 4:10,37.4918,-117.9202,1.9,Minor,US,Low
1.4,"25 km SSW of Kanosh, Utah",30,ml,17/01/2025 9:07,17/01/2025 16:35,38.60016667,-112.584,1.51,Minor,US,Low
1.4,"27 km NNW of Sutton-Alpine, Alaska",30,ml,17/01/2025 13:11,17/01/2025 13:13,61.9969,-149.0234,35.3,Minor,US,Low
1.4,"33 km WNW of Susitna, Alaska",30,ml,17/01/2025 19:02,17/01/2025 19:04,61.6782,-151.0681,55.4,Minor,US,Low
1.4,"43 km E of Denali National Park, Alaska",30,ml,17/01/2025 1:37,17/01/2025 2:00,63.5679,-150.8504,0,Minor,US,Low
1.4,"49 km E of Whittier, Alaska",30,ml,17/01/2025 6:34,17/01/2025 6:36,60.7139,-147.7921,15.4,Minor,US,Low
1.46,"103 km W of Adak, Alaska",33,ml,17/01/2025 15:18,18/01/2025 2:17,52.02166667,-178.1251667,20.22,Minor,US,Low
1.47,"28 km ENE of Little Lake, CA",33,ml,17/01/2025 17:59,17/01/2025 19:48,36.0458333,-117.6205,1.14,Minor,US,Low
1.48,"3 km S of Mentone, CA",34,ml,17/01/2025 19:25,17/01/2025 22:27,34.0466667,-117.1335,6.81,Minor,US,Low
1.57,"3 km SE of Borrego Springs, CA",38,ml,17/01/2025 4:14,17/01/2025 18:36,33.2423333,-116.3515,2.74,Minor,US,Low
1.59,"9 km SSW of Holtville, CA",39,ml,17/01/2025 10:59,17/01/2025 21:43,32.7348333,-115.418,8.01,Minor,US,Low
1.7,"15 km SSE of Lindsay, Texas",44,ml,17/01/2025 0:27,17/01/2025 14:45,31.236,-103.484,7.5354,Minor,US,Low
1.7,"40 km ESE of Pedro Bay, Alaska",44,ml,17/01/2025 6:31,17/01/2025 6:32,59.6493,-153.4397,113.5,Minor,US,Low
1.7,"50 km ESE of Denali Park, Alaska",44,ml,17/01/2025 16:11,17/01/2025 16:13,63.5859,-147.9517,0,Minor,US,Low
1.7,"52 km SSE of Glacier View, Alaska",44,ml,17/01/2025 14:26,17/01/2025 14:28,61.3884,-147.2215,9.1,Minor,US,Low
1.7,"66 km NNE of Van Horn, Texas",44,ml,17/01/2025 0:25,17/01/2025 0:29,31.581,-104.535,3.4009,Minor,US,Low
1.7,"69 km SE of Denali National Park, Alaska",44,ml,17/01/2025 5:09,17/01/2025 5:11,63.1851,-150.5731,118.1,Minor,US,Low
1.71,"38 km WSW of Ludlow, CA",45,ml,17/01/2025 21:31,17/01/2025 22:25,34.557,-116.531,2.14,Minor,US,Low
1.77,"47 km E of Fort Bidwell, California",48,ml,17/01/2025 3:57,17/01/2025 4:52,41.87316667,-119.5811667,-1.42,Minor,US,Low
1.79,"4 km SE of Ontario, CA",50,ml,17/01/2025 23:41,18/01/2025 0:20,34.0293333,-117.6001667,3.03,Minor,US,Low
1.8,"15 km SSE of Stanton, Texas",50,ml,17/01/2025 7:35,17/01/2025 13:39,32.005,-101.715,8.252,Minor,US,Low
1.8,"36 km W of Salamatof, Alaska",50,ml,17/01/2025 12:45,17/01/2025 12:46,60.6199,-151.9873,79.1,Minor,US,Low
1.8,"39 km NNE of Chenega, Alaska",50,ml,17/01/2025 12:56,17/01/2025 12:58,60.3994,-147.756,13.7,Minor,US,Low
1.8,"4 km NW of Fort Fairfield, Maine",50,ml,17/01/2025 12:16,18/01/2025 4:06,46.8073,-67.8729,12.406,Minor,US,Low
1.8,"70 km WSW of Cantwell, Alaska",50,ml,17/01/2025 18:06,17/01/2025 18:09,63.1629,-150.2594,7.6,Minor,US,Low
1.84,"25 km NW of Stanley, Idaho",52,ml,17/01/2025 4:24,17/01/2025 16:43,44.3475,-115.1946667,7.59,Minor,US,Low
1.87,"14 km S of Volcano, Hawaii",54,ml,17/01/2025 16:57,17/01/2025 17:00,19.31466675,-155.223999,-0.75,Minor,US,Low
1.9,"41 km WNW of Ninilchik, Alaska",56,ml,17/01/2025 12:47,17/01/2025 12:49,60.1629,-152.3784,86.8,Minor,US,Low
1.9,"44 km NW of Toyah, Texas",56,ml,17/01/2025 16:30,17/01/2025 19:50,31.617,-104.101,6.8304,Minor,US,Low
1.9,"50 km S of Whites City, New Mexico",56,ml,17/01/2025 1:17,17/01/2025 14:00,31.724,-104.277,6.2537,Minor,US,Low
1.9,"7 km SE of Pearsall, Texas",56,ml,17/01/2025 6:28,17/01/2025 13:56,28.842,-99.047,7.8369,Minor,US,Low
1.91,"5 km SW of San Pasqual, CA",57,ml,17/01/2025 15:43,17/01/2025 18:32,33.0663333,-116.9951667,15.14,Minor,US,Low
1.92,"10 km NNW of Big Bear City, CA",57,ml,17/01/2025 10:46,17/01/2025 18:34,34.3426667,-116.8883333,1.11,Minor,US,Low
1.93,"9 km SW of Corona, CA",57,ml,17/01/2025 16:59,17/01/2025 22:10,33.808,-117.6293333,4.55,Minor,US,Low
1.5,"28 km SE of Mina, Nevada",35,ml,17/01/2025 7:13,17/01/2025 7:16,38.182,-117.9134,0,Minor,US,Low
1.5,"4 km E of Butte, Montana",35,ml,17/01/2025 20:02,17/01/2025 20:42,46.0065,-112.474,-2,Minor,US,Low
1.5,"44 km N of Chase, Alaska",35,ml,17/01/2025 6:49,17/01/2025 6:51,62.8509,-150.0802,35.6,Minor,US,Low
1.5,"44 km NW of Toyah, Texas",35,ml,17/01/2025 4:08,17/01/2025 13:57,31.624,-104.092,1.8829,Minor,US,Low
1.5,"56 km WNW of Beatty, Nevada",35,ml,17/01/2025 15:52,17/01/2025 15:54,37.1313,-117.3354,0,Minor,US,Low
1.5,"61 km S of Whites City, New Mexico",35,ml,17/01/2025 6:21,17/01/2025 14:05,31.633,-104.5,7.3303,Minor,US,Low
1.5,"62 km S of Whites City, New Mexico",35,ml,17/01/2025 10:44,17/01/2025 13:04,31.619,-104.499,8.6377,Minor,US,Low
1.5,"67 km W of Tyonek, Alaska",35,ml,17/01/2025 4:43,17/01/2025 22:20,61.0329,-152.3847,17.2,Minor,US,Low
1.5,"8 km E of Healy, Alaska",35,ml,17/01/2025 4:41,17/01/2025 4:43,63.848,-148.8004,37.6,Minor,US,Low
-1.09,"64 km WNW of Tyonek, Alaska",0,ml,17/01/2025 6:47,17/01/2025 22:35,61.28466667,-152.2391667,5.63,Minor,US,Low
-0.94,"68 km WNW of Beluga, Alaska",0,ml,17/01/2025 1:55,17/01/2025 21:23,61.34083333,-152.2846667,-2.33,Minor,US,Low
-0.75,"70 km WNW of Beluga, Alaska",0,ml,17/01/2025 0:47,18/01/2025 5:10,61.36866667,-152.318,1.44,Minor,US,Low
-0.67,"64 km WNW of Tyonek, Alaska",0,ml,17/01/2025 16:20,18/01/2025 2:47,61.28033333,-152.2555,2.82,Minor,US,Low
-0.62,"69 km WNW of Beluga, Alaska",0,ml,17/01/2025 14:09,18/01/2025 1:45,61.33933333,-152.3128333,-2.27,Minor,US,Low
-0.56,"63 km WNW of Tyonek, Alaska",0,ml,17/01/2025 11:56,18/01/2025 0:20,61.276,-152.2323333,4.23,Minor,US,Low
-0.55,"68 km WNW of Beluga, Alaska",0,ml,17/01/2025 10:41,17/01/2025 23:41,61.323,-152.2915,-2.24,Minor,US,Low
-0.45,"73 km WNW of Beluga, Alaska",0,ml,17/01/2025 10:44,17/01/2025 23:58,61.356,-152.3683333,1.85,Minor,US,Low
-0.44,"69 km WNW of Tyonek, Alaska",0,ml,17/01/2025 10:13,17/01/2025 23:30,61.289,-152.3356667,-2.52,Minor,US,Low
-0.4,"39 km WNW of Indian Springs, Nevada",0,ml,17/01/2025 10:20,17/01/2025 15:34,36.7386,-116.0551,4.4,Minor,US,Low
-0.4,"47 km ESE of Beatty, Nevada",0,ml,17/01/2025 2:23,17/01/2025 15:22,36.7628,-116.2539,10.1,Minor,US,Low
-0.4,"48 km WNW of Indian Springs, Nevada",0,ml,17/01/2025 17:16,17/01/2025 21:36,36.7546,-116.158,2.1,Minor,US,Low
-0.35,"61 km WNW of Tyonek, Alaska",0,ml,17/01/2025 1:19,17/01/2025 20:56,61.25066667,-152.2063333,20.53,Minor,US,Low
-0.35,"67 km WNW of Beluga, Alaska",0,ml,17/01/2025 17:48,18/01/2025 3:26,61.331,-152.2683333,1.39,Minor,US,Low
-0.35,"80 km WNW of Beluga, Alaska",0,ml,17/01/2025 7:45,17/01/2025 23:07,61.373,-152.5041667,3.55,Minor,US,Low
-0.3,"30 km NW of Indian Springs, Nevada",0,ml,17/01/2025 10:00,17/01/2025 15:31,36.762,-115.9187,3.9,Minor,US,Low
-0.3,"46 km WNW of Indian Springs, Nevada",0,ml,17/01/2025 16:30,17/01/2025 21:30,36.7518,-116.1361,2.6,Minor,US,Low
-0.23,"89 km NNW of Karluk, Alaska",0,ml,17/01/2025 21:13,18/01/2025 4:50,58.31983333,-154.987,0.56,Minor,US,Low
-0.17,"25 km W of Sitka, Alaska",0,ml,17/01/2025 19:55,18/01/2025 4:11,57.0755,-135.7498333,5.52,Minor,US,Low
-0.17,"27 km WNW of Hebgen Lake Estates, Montana",0,ml,17/01/2025 8:39,17/01/2025 18:50,44.831,-111.521,5.73,Minor,US,Low
-0.11,"40 km NE of Adak, Alaska",0,ml,17/01/2025 12:04,18/01/2025 0:25,52.08983333,-176.1655,8.43,Minor,US,Low
-0.11,"66 km WNW of Beluga, Alaska",0,ml,17/01/2025 17:52,18/01/2025 3:22,61.32766667,-152.262,0.42,Minor,US,Low
-0.08,"67 km WNW of Beluga, Alaska",0,ml,17/01/2025 1:45,17/01/2025 21:13,61.32983333,-152.2736667,-0.96,Minor,US,Low
0.02,"41 km W of Susitna, Alaska",0,ml,17/01/2025 6:59,17/01/2025 22:38,61.58016667,-151.2921667,9.77,Minor,US,Low
0.08,"42 km NE of Adak, Alaska",0,ml,17/01/2025 18:31,18/01/2025 3:43,52.088,-176.1241667,15.88,Minor,US,Low
0.11,"83 km NNW of Karluk, Alaska",0,ml,17/01/2025 1:18,17/01/2025 21:01,58.24583333,-155.0538333,3.92,Minor,US,Low
0.16,"12 km ENE of Ronan, Montana",0,ml,17/01/2025 2:26,17/01/2025 18:06,47.55116667,-113.9435,16.29,Minor,US,Low
4.5,"37 km N of Metah?ra, Ethiopia",312,mb,17/01/2025 17:18,17/01/2025 18:05,9.2414,39.8888,10,Moderate,ET,Moderate
4.6,"74 km SSE of China, Japan",326,mb,17/01/2025 7:09,17/01/2025 7:57,26.7519,128.9437,10,Moderate,JP,Moderate
4.7,"47 km NNW of ?wash, Ethiopia",343,mb,17/01/2025 1:46,17/01/2025 9:44,9.403,40.0704,10,Moderate,ET,Moderate
4.7,"93 km SW of Panguna, Papua New Guinea",340,mb,17/01/2025 18:15,17/01/2025 20:22,-6.8201,154.8011,10,Moderate,PG,Moderate
4.9,"167 km W of Lata, Solomon Islands",369,mb,17/01/2025 4:24,17/01/2025 5:24,-10.762,164.2692,10,Moderate,SB,Moderate
4.9,Southwest Indian Ridge,369,mb,17/01/2025 8:52,17/01/2025 9:24,-39.0304,46.348,10,Moderate,MG,Moderate
4.9,central Mid-Atlantic Ridge,369,mb,17/01/2025 1:35,17/01/2025 2:46,6.9819,-35.738,10,Moderate,BR,Moderate
5,"1 km ENE of Lapinigan, Philippines",386,mb,17/01/2025 8:55,17/01/2025 14:42,8.4245,125.9949,10,Moderate,PH,Moderate
5,"92 km SW of Panguna, Papua New Guinea",385,mww,17/01/2025 18:21,17/01/2025 18:54,-6.983,154.9752,10,Moderate,PG,Moderate
5,southern Mid-Atlantic Ridge,385,mb,17/01/2025 1:10,18/01/2025 0:52,-24.9547,-14.0354,10,Moderate,SH,Moderate
5,western Indian-Antarctic Ridge,385,mb,17/01/2025 19:19,17/01/2025 19:39,-49.912,118.1467,10,Moderate,AU,Moderate
2.13,"4 km S of Indios, Puerto Rico",70,md,17/01/2025 22:16,17/01/2025 22:54,17.95116667,-66.81533333,10.58,Light,PR,Low
3.26,"93 km SSW of Alberto Oviedo Mota, B.C., MX",164,ml,17/01/2025 13:27,17/01/2025 22:08,31.4703333,-115.5981667,5.57,Light,MX,Moderate
3.53,"86 km N of Brenas, Puerto Rico",192,md,17/01/2025 8:52,17/01/2025 18:21,19.244,-66.4396,15,Light,PR,Moderate
4.3,"24 km NNE of Constitución, Chile",284,mwr,17/01/2025 16:56,17/01/2025 17:10,-35.1469,-72.2716,35,Moderate,CL,Moderate
4.4,"19 km ENE of Tarata, Peru",298,mb,17/01/2025 20:39,17/01/2025 23:04,-17.4243,-69.8572,147.802,Moderate,PE,Moderate
4.6,"83 km S of Koshima, Japan",326,mb,17/01/2025 5:02,17/01/2025 8:30,29.4797,130.5151,35.333,Moderate,JP,Moderate
4.6,"87 km ENE of Popondetta, Papua New Guinea",326,mb,17/01/2025 18:53,17/01/2025 19:49,-8.57,149.0001,10.169,Moderate,PG,Moderate
4.7,"265 km SSE of Katsuura, Japan",340,mb,17/01/2025 12:35,17/01/2025 14:55,33.0768,141.7682,30.698,Moderate,JP,Moderate
4.8,"51 km ENE of Port-Olry, Vanuatu",354,mb,17/01/2025 17:34,17/01/2025 18:29,-14.8263,167.4993,138.621,Moderate,VU,Moderate
4.9,"53 km W of Kirakira, Solomon Islands",369,mb,17/01/2025 7:43,17/01/2025 8:14,-10.433,161.4368,82.806,Moderate,SB,Moderate
0.75,"7 km NW of The Geysers, CA",9,md,17/01/2025 15:38,17/01/2025 15:40,38.8188324,-122.8209991,2.089999914,Minor,US,Low
0.76,"7 km NW of The Geysers, CA",9,md,17/01/2025 4:38,17/01/2025 4:40,38.81016541,-122.822998,2.019999981,Minor,US,Low
0.86,"7 km NW of The Geysers, CA",11,md,17/01/2025 17:10,17/01/2025 17:12,38.81949997,-122.8161697,3.769999981,Minor,US,Low
0.98,"7 km NW of The Geysers, CA",15,md,17/01/2025 3:46,17/01/2025 3:48,38.81650162,-122.819664,2.450000048,Minor,US,Low
1.07,"7 km NW of The Geysers, CA",18,md,17/01/2025 7:19,17/01/2025 7:20,38.8133316,-122.8271637,1.980000019,Minor,US,Low
1.07,"7 km NW of The Geysers, CA",18,md,17/01/2025 20:11,17/01/2025 20:12,38.8133316,-122.8239975,2.269999981,Minor,US,Low
1.08,"7 km NW of The Geysers, CA",18,md,17/01/2025 3:36,17/01/2025 3:37,38.81600189,-122.8186646,2.460000038,Minor,US,Low
1.08,"7 km NW of The Geysers, CA",18,md,17/01/2025 20:04,17/01/2025 20:05,38.81833267,-122.8225021,2.440000057,Minor,US,Low
1.09,"7 km NW of The Geysers, CA",18,md,17/01/2025 11:46,17/01/2025 11:48,38.81983185,-122.8231659,2.579999924,Minor,US,Low
-0.15,"4 km ENE of Magna, Utah",0,md,17/01/2025 4:39,17/01/2025 16:19,40.7285,-112.0606667,9.46,Minor,US,Low
0.22,"7 km WNW of Cobb, CA",1,md,17/01/2025 13:19,17/01/2025 13:21,38.83399963,-122.8056641,1.850000024,Minor,US,Low
0.26,"3 km NW of The Geysers, CA",1,md,17/01/2025 22:55,17/01/2025 22:56,38.79266739,-122.7788315,1.970000029,Minor,US,Low
0.28,"5 km NNW of The Geysers, CA",1,md,17/01/2025 9:53,17/01/2025 9:54,38.80950165,-122.7938309,3.150000095,Minor,US,Low
0.3,"3 km NW of The Geysers, CA",1,md,17/01/2025 13:48,17/01/2025 13:49,38.79333496,-122.7773361,1.399999976,Minor,US,Low
0.31,"2 km NNE of The Geysers, CA",1,md,17/01/2025 15:57,17/01/2025 15:58,38.79416656,-122.7518311,1.629999995,Minor,US,Low
0.31,"3 km NNW of The Geysers, CA",1,md,17/01/2025 9:15,17/01/2025 9:17,38.80099869,-122.770668,1.190000057,Minor,US,Low
0.44,"8 km WNW of Cobb, CA",3,md,17/01/2025 16:05,17/01/2025 16:06,38.83649826,-122.8186646,1.850000024,Minor,US,Low
0.45,"4 km NE of Magna, Utah",3,md,17/01/2025 4:39,17/01/2025 16:12,40.73133333,-112.0623333,8.09,Minor,US,Low
0.46,"12 km E of Cloverdale, CA",3,md,17/01/2025 15:42,17/01/2025 15:44,38.83433151,-122.8831635,2.480000019,Minor,US,Low
0.51,"7 km WNW of Cobb, CA",4,md,17/01/2025 8:14,17/01/2025 8:16,38.83716583,-122.8001633,1.659999967,Minor,US,Low
0.53,"2 km NNE of The Geysers, CA",4,md,17/01/2025 10:40,17/01/2025 10:41,38.79600143,-122.7493362,1.559999943,Minor,US,Low
0.66,"8 km WNW of Cobb, CA",7,md,17/01/2025 15:40,17/01/2025 15:42,38.83800125,-122.8081665,2.069999933,Minor,US,Low
0.68,"8 km NW of The Geysers, CA",7,md,17/01/2025 13:01,17/01/2025 13:03,38.82883453,-122.8255005,1.669999957,Minor,US,Low
0.69,"10 km NW of The Geysers, CA",7,md,17/01/2025 13:13,17/01/2025 13:15,38.82366562,-122.8519974,2.130000114,Minor,US,Low
0.72,"9 km WNW of Cobb, CA",8,md,17/01/2025 8:27,17/01/2025 8:29,38.83950043,-122.8248367,1.809999943,Minor,US,Low
0.74,"2 km NNE of The Geysers, CA",8,md,17/01/2025 10:18,17/01/2025 10:20,38.79299927,-122.7491684,2.690000057,Minor,US,Low
0.74,"8 km WNW of Cobb, CA",8,md,17/01/2025 1:16,17/01/2025 1:18,38.83449936,-122.8154984,1.649999976,Minor,US,Low
0.76,"9 km NW of The Geysers, CA",9,md,17/01/2025 18:17,17/01/2025 18:19,38.82066727,-122.8438339,1.870000005,Minor,US,Low
0.77,"1 km NNE of The Geysers, CA",9,md,17/01/2025 14:51,17/01/2025 14:53,38.78816605,-122.7563324,2.74000001,Minor,US,Low
0.77,"10 km NW of The Geysers, CA",9,md,17/01/2025 22:08,17/01/2025 22:10,38.82533264,-122.8513336,2.579999924,Minor,US,Low
0.77,"5 km NNW of The Geysers, CA",9,md,17/01/2025 21:21,17/01/2025 21:23,38.80916595,-122.7929993,1.210000038,Minor,US,Low
0.77,"9 km NW of The Geysers, CA",9,md,17/01/2025 21:16,17/01/2025 21:18,38.83366776,-122.8346634,0.850000024,Minor,US,Low
0.78,"8 km NNW of The Geysers, CA",9,md,17/01/2025 1:39,17/01/2025 1:40,38.83399963,-122.8160019,3.160000086,Minor,US,Low
0.79,"2 km N of The Geysers, CA",10,md,17/01/2025 9:30,17/01/2025 9:31,38.79399872,-122.7603302,-0.540000021,Minor,US,Low
0.8,"3 km NW of The Geysers, CA",10,md,17/01/2025 5:47,17/01/2025 5:49,38.78900146,-122.7919998,1.049999952,Minor,US,Low
0.84,"3 km WNW of The Geysers, CA",11,md,17/01/2025 2:41,17/01/2025 2:43,38.7840004,-122.7956696,3.50999999,Minor,US,Low
0.85,"3 km NNW of The Geysers, CA",11,md,17/01/2025 12:03,17/01/2025 12:05,38.79966736,-122.7703323,1.710000038,Minor,US,Low
0.9,"2 km NNW of The Geysers, CA",12,md,17/01/2025 10:01,17/01/2025 10:03,38.78816605,-122.7689972,1.74000001,Minor,US,Low
0.95,"12 km NW of The Geysers, CA",14,md,17/01/2025 1:53,17/01/2025 1:55,38.83300018,-122.8775024,2.440000057,Minor,US,Low
1.02,"2 km WSW of San Ardo, CA",16,md,17/01/2025 9:31,17/01/2025 9:32,36.01166534,-120.9205017,8.75,Minor,US,Low
1.04,"9 km NW of The Geysers, CA",17,md,17/01/2025 17:10,17/01/2025 17:12,38.8219986,-122.8430023,2.210000038,Minor,US,Low
1.05,"10 km NW of The Geysers, CA",17,md,17/01/2025 22:09,17/01/2025 22:10,38.82266617,-122.8521652,2.680000067,Minor,US,Low
1.05,"2 km SW of Anderson Springs, CA",17,md,17/01/2025 11:15,17/01/2025 11:17,38.75733185,-122.7021637,1,Minor,US,Low
1.06,"2 km NW of The Geysers, CA",17,md,17/01/2025 10:15,17/01/2025 10:17,38.7923317,-122.7761688,2.24000001,Minor,US,Low
1.06,"9 km NW of The Geysers, CA",17,md,17/01/2025 23:13,17/01/2025 23:14,38.81916809,-122.8416672,2.079999924,Minor,US,Low
1.07,"1 km  of The Geysers, CA",18,md,17/01/2025 14:13,17/01/2025 14:15,38.7840004,-122.7598343,2.180000067,Minor,US,Low
1.07,"10 km NW of The Geysers, CA",18,md,17/01/2025 0:23,17/01/2025 0:24,38.82149887,-122.8533325,2.75,Minor,US,Low
1.16,"1 km NNE of Helper, Utah",21,md,17/01/2025 4:35,17/01/2025 16:06,39.7,-110.847,-3.41,Minor,US,Low
1.18,"9 km SSW of San Ardo, CA",21,md,17/01/2025 13:09,17/01/2025 13:10,35.94616699,-120.9410019,7.579999924,Minor,US,Low
1.27,"6 km NW of Cobb, CA",25,md,17/01/2025 13:00,17/01/2025 13:02,38.84949875,-122.7786636,15.15999985,Minor,US,Low
1.36,"9 km ENE of Milpitas, CA",28,md,17/01/2025 13:17,17/01/2025 13:19,37.4671669,-121.8156662,6.920000076,Minor,US,Low
1.43,"10 km ESE of Alum Rock, CA",31,md,17/01/2025 20:48,17/01/2025 20:49,37.36183167,-121.7186661,7.980000019,Minor,US,Low
1.45,"17 km WNW of Boulder Creek, CA",32,md,17/01/2025 14:55,17/01/2025 14:56,37.14583206,-122.317337,9.630000114,Minor,US,Low
1.52,"10 km WSW of Kelseyville, CA",36,md,17/01/2025 20:34,17/01/2025 20:35,38.93299866,-122.9391632,1.210000038,Minor,US,Low
1.59,"11 km E of Pinnacles, CA",39,md,17/01/2025 19:53,17/01/2025 19:55,36.5320015,-121.0183334,14.14999962,Minor,US,Low
1.6,"11 km  of Shelter Cove, CA",39,md,17/01/2025 23:57,17/01/2025 23:59,40.12599945,-124.1153336,6.559999943,Minor,US,Low
1.6,"9 km NE of Alum Rock, CA",39,md,17/01/2025 4:05,17/01/2025 4:06,37.43766785,-121.7881699,5.650000095,Minor,US,Low
1.67,"2 km W of Redwood Valley, CA",43,md,17/01/2025 16:57,17/01/2025 16:59,39.26016617,-123.2246704,6.369999886,Minor,US,Low
1.7,"2 km WNW of Anderson Springs, CA",44,md,17/01/2025 13:34,17/01/2025 13:36,38.78099823,-122.7171631,1.789999962,Minor,US,Low
1.82,"4 km NE of Willow Creek, CA",51,md,17/01/2025 4:20,17/01/2025 4:22,40.96583176,-123.5998306,23.70000076,Minor,US,Low
1.95,"4 km SW of Clayton, CA",59,md,17/01/2025 21:22,17/01/2025 22:09,37.90999985,-121.9589996,1.00999999,Minor,US,Low
2.2,"6 km W of Klamath, CA",75,md,17/01/2025 10:43,18/01/2025 1:30,41.52016667,-124.0811667,1.81,Light,US,Low
2.25,"22 km W of Petrolia, CA",78,md,17/01/2025 6:50,17/01/2025 7:12,40.31399918,-124.5400009,12.32999992,Light,US,Low
2.76,"10 km ESE of Alum Rock, CA",161,md,17/01/2025 8:16,18/01/2025 2:32,37.36233333,-121.7156667,9.71,Light,US,Moderate
2.78,"15 km W of Petrolia, CA",119,md,17/01/2025 4:07,17/01/2025 4:32,40.29266739,-124.4615021,19.5,Light,US,Moderate
2.79,"19 km S of Kettleman City, CA",120,md,17/01/2025 11:32,17/01/2025 11:57,35.83950043,-119.9606705,11.97999954,Light,US,Moderate
4,"171 km SE of Chignik, Alaska",246,ml,17/01/2025 12:37,17/01/2025 17:45,55.1221,-156.6316,20,Moderate,US,Moderate
2,"26 km SW of Adak, Alaska",62,ml,17/01/2025 12:10,18/01/2025 0:30,51.67666667,-176.8493333,10.25,Light,US,Low
2,"61 km S of Whites City, New Mexico",62,ml,17/01/2025 20:19,17/01/2025 20:59,31.633,-104.501,8.2532,Light,US,Low
2.01,"9 km SW of Corona, CA",62,ml,17/01/2025 22:05,17/01/2025 22:30,33.8083333,-117.6288333,4.34,Light,US,Low
2.02,"10 km NE of P?hala, Hawaii",63,ml,17/01/2025 19:15,17/01/2025 19:18,19.263834,-155.3996735,32.84999847,Light,US,Low
2.04,"43 km E of Fort Bidwell, California",64,ml,17/01/2025 3:45,17/01/2025 4:42,41.91966667,-119.6283333,-1.45,Light,US,Low
2.1,"12 km SE of Pearsall, Texas",68,ml,17/01/2025 3:31,17/01/2025 19:52,28.811,-99.009,7.8857,Light,US,Low
2.1,"20 km W of Happy Valley, Alaska",68,ml,17/01/2025 23:50,17/01/2025 23:53,59.9688,-152.1004,73.4,Light,US,Low
2.1,"5 km SE of Pearsall, Texas",68,ml,17/01/2025 6:42,17/01/2025 13:47,28.857,-99.053,5.6396,Light,US,Low
2.15,"30 km NW of Stanley, Idaho",71,ml,17/01/2025 5:58,17/01/2025 17:00,44.4025,-115.2185,11.62,Light,US,Low
2.2,"25 km SSE of Egegik, Alaska",74,ml,17/01/2025 12:32,18/01/2025 0:37,58.0222,-157.1364,12.4,Light,US,Low
2.2,"27 km SW of Glacier View, Alaska",74,ml,17/01/2025 16:46,17/01/2025 16:48,61.6272,-147.9991,10.1,Light,US,Low
2.2,"39 km NW of Valdez, Alaska",74,ml,17/01/2025 0:18,17/01/2025 0:20,61.3432,-146.9437,15.3,Light,US,Low
2.2,"55 km E of Pedro Bay, Alaska",74,ml,17/01/2025 23:54,17/01/2025 23:57,59.7145,-153.1241,112.4,Light,US,Low
2.21,"9 km S of Pistol River, Oregon",75,ml,17/01/2025 1:51,17/01/2025 3:58,42.1895,-124.38,-0.58,Light,US,Low
2.4,"38 km NNE of Chenega, Alaska",89,ml,17/01/2025 17:22,17/01/2025 18:29,60.3909,-147.7891,13.9,Light,US,Low
2.43,"0 km WSW of P?hala, Hawaii",91,ml,17/01/2025 10:41,17/01/2025 10:44,19.20216751,-155.482666,30.95000076,Light,US,Low
2.43,"21 km NW of Desert Center, CA",91,ml,17/01/2025 13:02,17/01/2025 18:33,33.8656667,-115.5313333,0.23,Light,US,Low
2.43,"24 km NW of Stanley, Idaho",91,ml,17/01/2025 1:35,17/01/2025 16:36,44.34416667,-115.186,6.07,Light,US,Low
2.44,"20 km E of Little Lake, CA",92,ml,17/01/2025 14:19,17/01/2025 18:33,35.9476662,-117.6804962,3.55,Light,US,Low
2.46,"14 km ESE of P?hala, Hawaii",93,ml,17/01/2025 21:10,18/01/2025 0:59,19.13783333,-155.3581667,28.62,Light,US,Low
2.5,"71 km WNW of Happy Valley, Alaska",96,ml,17/01/2025 20:03,17/01/2025 22:19,60.164,-152.9343,129.4,Light,US,Low
2.53,"25 km SSE of Fern Forest, Hawaii",98,ml,17/01/2025 18:20,17/01/2025 21:35,19.2515,-155.0455,40.55,Light,US,Low
2.6,"55 km WNW of Happy Valley, Alaska",104,ml,17/01/2025 5:20,17/01/2025 7:42,60.1372,-152.6613,107.7,Light,US,Moderate
2.6,"93 km ENE of Kodiak, Alaska",104,ml,17/01/2025 7:28,17/01/2025 8:39,58.1127,-150.954,34.8,Light,US,Moderate
2.61,"25 km WNW of Kalaoa, Hawaii",105,ml,17/01/2025 11:53,17/01/2025 20:49,19.8235,-156.1981667,4.47,Light,US,Moderate
3,"74 km N of Tanana, Alaska",139,ml,17/01/2025 16:13,17/01/2025 17:14,65.8248,-152.3776,8.2,Light,US,Moderate
3.2,"32 km WNW of Stanley, Idaho",158,ml,17/01/2025 1:37,17/01/2025 16:26,44.3463,-115.3085,18.302,Light,US,Moderate
3.2,"9 km N of Willow, Alaska",159,ml,17/01/2025 1:09,18/01/2025 1:13,61.8346,-150.0312,43.1,Light,US,Moderate
3.3,"60 km N of Petersville, Alaska",168,ml,17/01/2025 10:19,17/01/2025 12:51,63.0375,-150.9182,128.7,Light,US,Moderate
3.4,"66 km SSW of Whites City, New Mexico",178,ml,17/01/2025 23:36,18/01/2025 1:41,31.592,-104.542,9.3042,Light,US,Moderate
1.6,"12 km N of Houston, Alaska",39,ml,17/01/2025 14:13,17/01/2025 14:15,61.7439,-149.7719,34.3,Minor,US,Low
1.6,"12 km SE of Pearsall, Texas",39,ml,17/01/2025 7:33,17/01/2025 22:14,28.818,-99.005,5.1025,Minor,US,Low
1.6,"13 km ESE of Hawthorne, Nevada",39,ml,17/01/2025 6:17,17/01/2025 18:23,38.4819,-118.4826,9.2,Minor,US,Low
1.6,"13 km ESE of Hawthorne, Nevada",39,ml,17/01/2025 15:40,17/01/2025 15:42,38.495,-118.472,1.6,Minor,US,Low
1.6,"14 km ENE of Willow, Alaska",39,ml,17/01/2025 6:55,17/01/2025 6:57,61.8114,-149.7964,30,Minor,US,Low
1.6,"22 km NNE of Yerington, Nevada",40,ml,17/01/2025 0:27,17/01/2025 21:29,39.1637,-119.0462,7,Minor,US,Low
1.6,"25 km NNW of Toyah, Texas",39,ml,17/01/2025 21:22,17/01/2025 21:31,31.51,-103.93,6.5011,Minor,US,Low
1.6,"39 km NW of Valdez, Alaska",39,ml,17/01/2025 10:01,17/01/2025 10:03,61.3469,-146.931,18.1,Minor,US,Low
1.6,"41 km NW of Valdez, Alaska",39,ml,17/01/2025 1:37,17/01/2025 1:39,61.362,-146.9445,19.4,Minor,US,Low
1.6,"50 km WSW of Tatitlek, Alaska",39,ml,17/01/2025 10:45,17/01/2025 10:47,60.6428,-147.4901,11.4,Minor,US,Low
1.6,"61 km S of Whites City, New Mexico",39,ml,17/01/2025 0:25,17/01/2025 20:43,31.631,-104.502,7.6636,Minor,US,Low
0.19,"19 km W of Sitka, Alaska",1,ml,17/01/2025 14:16,18/01/2025 2:01,57.03816667,-135.6566667,7.65,Minor,US,Low
0.22,"37 km NNE of Amboy, Washington",1,ml,17/01/2025 18:45,17/01/2025 20:10,46.1935,-122.1816667,7.11,Minor,US,Low
0.23,"16 km NNE of Ashford, Washington",1,ml,17/01/2025 11:43,18/01/2025 0:57,46.8935,-121.9298333,11.33,Minor,US,Low
0.34,"23 km W of Sitka, Alaska",2,ml,17/01/2025 13:35,18/01/2025 0:58,57.07233333,-135.715,7.94,Minor,US,Low
0.37,"20 km W of Sitka, Alaska",2,ml,17/01/2025 4:19,17/01/2025 21:58,57.0495,-135.6768333,8.63,Minor,US,Low
0.37,"91 km W of Adak, Alaska",2,ml,17/01/2025 20:07,18/01/2025 4:20,51.86783333,-177.9638333,1.72,Minor,US,Low
0.38,"15 km SSE of Carbonado, Washington",2,ml,17/01/2025 4:34,17/01/2025 5:26,46.959,-121.9398333,7.49,Minor,US,Low
0.38,"20 km W of Sitka, Alaska",2,ml,17/01/2025 0:30,17/01/2025 20:04,57.03816667,-135.6686667,6.84,Minor,US,Low
0.38,"86 km NNW of Karluk, Alaska",2,ml,17/01/2025 15:00,18/01/2025 2:12,58.23916667,-155.1763333,4.24,Minor,US,Low
0.39,"65 km WNW of Beluga, Alaska",2,ml,17/01/2025 16:53,18/01/2025 3:00,61.33,-152.2425,1.5,Minor,US,Low
0.42,"11 km ENE of Ashford, Washington",3,ml,17/01/2025 1:36,17/01/2025 2:23,46.7815,-121.8873333,9.74,Minor,US,Low
0.45,"3 km SW of Logan, Montana",3,ml,17/01/2025 16:02,17/01/2025 17:58,45.862,-111.4513333,4.94,Minor,US,Low
0.46,"9 km NNW of Warner Springs, CA",3,ml,17/01/2025 4:27,17/01/2025 18:35,33.3593333,-116.6726667,14.02,Minor,US,Low
0.55,"3 km WSW of Logan, Montana",5,ml,17/01/2025 16:50,17/01/2025 18:02,45.86583333,-111.4693333,4.93,Minor,US,Low
0.56,"16 km SE of Lincoln, Montana",5,ml,17/01/2025 14:55,17/01/2025 17:52,46.835,-112.549,11.44,Minor,US,Low
0.56,"22 km W of Sitka, Alaska",5,ml,17/01/2025 18:17,18/01/2025 3:38,57.0585,-135.709,7.54,Minor,US,Low
0.56,"26 km WNW of Hebgen Lake Estates, Montana",5,ml,17/01/2025 8:45,17/01/2025 17:38,44.843,-111.5088333,7.76,Minor,US,Low
0.58,"3 km SE of Borrego Springs, CA",5,ml,17/01/2025 4:26,17/01/2025 18:35,33.2421667,-116.3516667,3.62,Minor,US,Low
0.59,"18 km NNW of Borrego Springs, CA",5,ml,17/01/2025 0:02,17/01/2025 21:06,33.4123333,-116.4346667,14.04,Minor,US,Low
0.6,"23 km W of Sitka, Alaska",6,ml,17/01/2025 18:19,18/01/2025 3:55,57.06733333,-135.7156667,7.48,Minor,US,Low
0.67,"57 km WSW of Adak, Alaska",7,ml,17/01/2025 18:56,18/01/2025 3:49,51.7045,-177.4256667,11.5,Minor,US,Low
0.68,"3 km S of Mentone, CA",7,ml,17/01/2025 13:22,17/01/2025 21:54,34.046,-117.1335,6.23,Minor,US,Low
0.69,"10 km ENE of Ocotillo Wells, CA",7,ml,17/01/2025 0:12,17/01/2025 21:12,33.1743333,-116.0321667,7.88,Minor,US,Low
0.73,"43 km SW of Unalaska, Alaska",8,ml,17/01/2025 14:13,18/01/2025 1:40,53.617,-167.0253333,14.59,Minor,US,Low
0.76,"10 km ENE of Ocotillo Wells, CA",9,ml,17/01/2025 14:53,17/01/2025 21:38,33.1731667,-116.0285,7.41,Minor,US,Low
0.76,"20 km E of Little Lake, CA",9,ml,17/01/2025 20:41,17/01/2025 20:57,35.9578333,-117.6813333,4.62,Minor,US,Low
0.77,"3 km N of Fontana, CA",9,ml,17/01/2025 4:47,17/01/2025 20:52,34.1268333,-117.4621667,9.63,Minor,US,Low
0.78,"7 km NNW of Ocotillo Wells, CA",9,ml,17/01/2025 17:35,17/01/2025 21:49,33.201,-116.1701667,6.84,Minor,US,Low
0.79,"22 km ENE of Ashford, Washington",10,ml,17/01/2025 9:47,17/01/2025 20:00,46.8495,-121.7613333,0.08,Minor,US,Low
0.8,"31 km SE of McCarthy, Alaska",10,ml,17/01/2025 18:01,17/01/2025 18:03,61.2606,-142.4553,12.9,Minor,US,Low
0.82,"11 km NE of Julian, CA",10,ml,17/01/2025 11:54,17/01/2025 18:33,33.1506667,-116.5276667,15.71,Minor,US,Low
0.82,"12 km ESE of Julian, CA",10,ml,17/01/2025 19:20,17/01/2025 22:06,33.0481667,-116.4788333,10.52,Minor,US,Low
0.87,"18 km NNW of Borrego Springs, CA",12,ml,17/01/2025 0:02,17/01/2025 21:01,33.4095,-116.4411667,14.76,Minor,US,Low
0.87,"2 km NE of Barberton, Washington",12,ml,17/01/2025 16:06,17/01/2025 21:43,45.70783333,-122.5778333,17.92,Minor,US,Low
0.87,"9 km ENE of Ocotillo Wells, CA",12,ml,17/01/2025 0:41,17/01/2025 21:21,33.1686667,-116.0385,6.07,Minor,US,Low
0.88,"3 km ESE of Lake Henshaw, CA",12,ml,17/01/2025 20:25,17/01/2025 21:32,33.2323333,-116.7335,11.44,Minor,US,Low
0.9,"18 km ESE of Ocotillo, CA",12,ml,17/01/2025 5:11,17/01/2025 22:33,32.6506667,-115.826,3.41,Minor,US,Low
0.9,"20 km NNE of Yerington, Nevada",12,ml,17/01/2025 10:27,17/01/2025 21:12,39.1595,-119.0737,6,Minor,US,Low
0.9,"22 km NNE of Yerington, Nevada",12,ml,17/01/2025 10:29,17/01/2025 21:15,39.1699,-119.0428,5.2,Minor,US,Low
0.98,"12 km NNW of Ocotillo, CA",15,ml,17/01/2025 16:51,17/01/2025 20:44,32.8356667,-116.0276667,8.13,Minor,US,Low
1,"21 km NNE of Yerington, Nevada",15,ml,17/01/2025 4:25,17/01/2025 21:05,39.1608,-119.0486,4.9,Minor,US,Low
1,"37 km NW of Stanton, Texas",15,ml,17/01/2025 7:07,17/01/2025 14:35,32.354,-102.089,7.4951,Minor,US,Low
1.02,"9 km E of Moreno Valley, CA",16,ml,17/01/2025 2:05,17/01/2025 18:36,33.9263333,-117.1296667,17.63,Minor,US,Low
1.02,"9 km SW of Corona, CA",16,ml,17/01/2025 23:54,18/01/2025 0:09,33.8075,-117.6268333,5.22,Minor,US,Low
1.03,"70 km WSW of Nikolski, Alaska",16,ml,17/01/2025 20:47,18/01/2025 4:28,52.78683333,-169.8828333,13.2,Minor,US,Low
1.04,"15 km NE of Little Lake, CA",17,ml,17/01/2025 7:10,17/01/2025 18:34,36.0233333,-117.7768333,1.57,Minor,US,Low
1.06,"3 km S of Mentone, CA",17,ml,17/01/2025 7:37,17/01/2025 21:59,34.0466667,-117.1345,6.56,Minor,US,Low
1.07,"16 km WNW of Emery, Utah",18,ml,17/01/2025 18:06,17/01/2025 18:22,38.999,-111.4106667,-1.1,Minor,US,Low
1.08,"3 km SE of Borrego Springs, CA",18,ml,17/01/2025 4:41,17/01/2025 18:34,33.2416667,-116.3533333,2.13,Minor,US,Low
1.09,"24 km NW of Lima, Montana",18,ml,17/01/2025 9:05,17/01/2025 17:46,44.79666667,-112.8,2.71,Minor,US,Low
1.1,"28 km W of Shoshone, California",19,ml,17/01/2025 10:46,17/01/2025 10:50,35.9471,-116.5839,6.8,Minor,US,Low
1.13,"3 km NNW of Fontana, CA",20,ml,17/01/2025 20:04,17/01/2025 22:11,34.1268333,-117.4653333,9.15,Minor,US,Low
1.15,"23 km NNW of Kernville, CA",20,ml,17/01/2025 9:57,17/01/2025 18:34,35.94,-118.5346667,5.82,Minor,US,Low
1.16,"10 km NNW of Idyllwild, CA",21,ml,17/01/2025 14:25,17/01/2025 18:32,33.8275,-116.75,16.7,Minor,US,Low
1.17,"3 km S of Mentone, CA",21,ml,17/01/2025 13:20,17/01/2025 18:32,34.0438333,-117.1295,6.58,Minor,US,Low
1.19,"3 km S of Mentone, CA",22,ml,17/01/2025 7:36,17/01/2025 21:48,34.0458333,-117.1328333,6.79,Minor,US,Low
1.2,"2 km ENE of Colton, CA",22,ml,17/01/2025 13:10,17/01/2025 18:33,34.0783333,-117.2946667,14.93,Minor,US,Low
1.2,"21 km NNE of Yerington, Nevada",22,ml,17/01/2025 12:20,17/01/2025 21:18,39.161,-119.0571,7.6,Minor,US,Low
1.2,"29 km SSW of Glacier View, Alaska",22,ml,17/01/2025 4:04,17/01/2025 4:08,61.5668,-147.877,20.7,Minor,US,Low
1.2,"44 km NW of Toyah, Texas",22,ml,17/01/2025 14:54,17/01/2025 20:20,31.616,-104.103,6.6125,Minor,US,Low
1.2,"59 km ENE of Independence, California",22,ml,17/01/2025 17:16,17/01/2025 17:18,36.9877,-117.5782,9,Minor,US,Low
1.2,"8 km ESE of Ackerly, Texas",22,ml,17/01/2025 10:07,17/01/2025 13:29,32.493,-101.635,7.2998,Minor,US,Low
1.24,"1 km SE of Mullan, Idaho",24,ml,17/01/2025 13:33,17/01/2025 18:14,47.46116667,-115.7866667,0.02,Minor,US,Low
1.29,"9 km SSW of Holtville, CA",26,ml,17/01/2025 11:17,17/01/2025 21:07,32.7378333,-115.419,8.31,Minor,US,Low
1.3,"14 km E of Stanton, Texas",26,ml,17/01/2025 5:42,17/01/2025 13:54,32.129,-101.635,8.667,Minor,US,Low
1.3,"16 km SW of Willow, Alaska",26,ml,17/01/2025 2:18,17/01/2025 2:21,61.6262,-150.2211,50.5,Minor,US,Low
1.3,"22 km NW of Fishhook, Alaska",26,ml,17/01/2025 12:32,17/01/2025 12:35,61.8786,-149.561,47.5,Minor,US,Low
1.31,"3 km S of Mentone, CA",26,ml,17/01/2025 0:25,17/01/2025 18:36,34.0451667,-117.1318333,5.93,Minor,US,Low
1.37,"9 km WSW of Idyllwild, CA",29,ml,17/01/2025 12:39,17/01/2025 18:34,33.695,-116.805,16.64,Minor,US,Low
1.38,"91 km W of Adak, Alaska",29,ml,17/01/2025 17:47,18/01/2025 3:12,51.872,-177.9691667,3.65,Minor,US,Low
1.39,"2 km S of Kapowsin, Washington",30,ml,17/01/2025 19:23,17/01/2025 22:45,46.96483333,-122.2308333,-0.4,Minor,US,Low
1.4,"14 km SSE of Soldotna, Alaska",30,ml,17/01/2025 8:55,17/01/2025 8:57,60.3672,-150.9805,30.4,Minor,US,Low
1.4,"23 km SSE of Dyer, Nevada",30,ml,17/01/2025 4:07,17/01/2025 4:10,37.4918,-117.9202,1.9,Minor,US,Low
1.4,"25 km SSW of Kanosh, Utah",30,ml,17/01/2025 9:07,17/01/2025 16:35,38.60016667,-112.584,1.51,Minor,US,Low
1.4,"27 km NNW of Sutton-Alpine, Alaska",30,ml,17/01/2025 13:11,17/01/2025 13:13,61.9969,-149.0234,35.3,Minor,US,Low
1.4,"33 km WNW of Susitna, Alaska",30,ml,17/01/2025 19:02,17/01/2025 19:04,61.6782,-151.0681,55.4,Minor,US,Low
1.4,"43 km E of Denali National Park, Alaska",30,ml,17/01/2025 1:37,17/01/2025 2:00,63.5679,-150.8504,0,Minor,US,Low
1.4,"49 km E of Whittier, Alaska",30,ml,17/01/2025 6:34,17/01/2025 6:36,60.7139,-147.7921,15.4,Minor,US,Low
1.46,"103 km W of Adak, Alaska",33,ml,17/01/2025 15:18,18/01/2025 2:17,52.02166667,-178.1251667,20.22,Minor,US,Low
1.47,"28 km ENE of Little Lake, CA",33,ml,17/01/2025 17:59,17/01/2025 19:48,36.0458333,-117.6205,1.14,Minor,US,Low
1.48,"3 km S of Mentone, CA",34,ml,17/01/2025 19:25,17/01/2025 22:27,34.0466667,-117.1335,6.81,Minor,US,Low
1.57,"3 km SE of Borrego Springs, CA",38,ml,17/01/2025 4:14,17/01/2025 18:36,33.2423333,-116.3515,2.74,Minor,US,Low
1.59,"9 km SSW of Holtville, CA",39,ml,17/01/2025 10:59,17/01/2025 21:43,32.7348333,-115.418,8.01,Minor,US,Low
1.7,"15 km SSE of Lindsay, Texas",44,ml,17/01/2025 0:27,17/01/2025 14:45,31.236,-103.484,7.5354,Minor,US,Low
1.7,"40 km ESE of Pedro Bay, Alaska",44,ml,17/01/2025 6:31,17/01/2025 6:32,59.6493,-153.4397,113.5,Minor,US,Low
1.7,"50 km ESE of Denali Park, Alaska",44,ml,17/01/2025 16:11,17/01/2025 16:13,63.5859,-147.9517,0,Minor,US,Low
1.7,"52 km SSE of Glacier View, Alaska",44,ml,17/01/2025 14:26,17/01/2025 14:28,61.3884,-147.2215,9.1,Minor,US,Low
1.7,"66 km NNE of Van Horn, Texas",44,ml,17/01/2025 0:25,17/01/2025 0:29,31.581,-104.535,3.4009,Minor,US,Low
1.7,"69 km SE of Denali National Park, Alaska",44,ml,17/01/2025 5:09,17/01/2025 5:11,63.1851,-150.5731,118.1,Minor,US,Low
1.71,"38 km WSW of Ludlow, CA",45,ml,17/01/2025 21:31,17/01/2025 22:25,34.557,-116.531,2.14,Minor,US,Low
1.77,"47 km E of Fort Bidwell, California",48,ml,17/01/2025 3:57,17/01/2025 4:52,41.87316667,-119.5811667,-1.42,Minor,US,Low
1.79,"4 km SE of Ontario, CA",50,ml,17/01/2025 23:41,18/01/2025 0:20,34.0293333,-117.6001667,3.03,Minor,US,Low
1.8,"15 km SSE of Stanton, Texas",50,ml,17/01/2025 7:35,17/01/2025 13:39,32.005,-101.715,8.252,Minor,US,Low
1.8,"36 km W of Salamatof, Alaska",50,ml,17/01/2025 12:45,17/01/2025 12:46,60.6199,-151.9873,79.1,Minor,US,Low
1.8,"39 km NNE of Chenega, Alaska",50,ml,17/01/2025 12:56,17/01/2025 12:58,60.3994,-147.756,13.7,Minor,US,Low
1.8,"4 km NW of Fort Fairfield, Maine",50,ml,17/01/2025 12:16,18/01/2025 4:06,46.8073,-67.8729,12.406,Minor,US,Low
1.8,"70 km WSW of Cantwell, Alaska",50,ml,17/01/2025 18:06,17/01/2025 18:09,63.1629,-150.2594,7.6,Minor,US,Low
1.84,"25 km NW of Stanley, Idaho",52,ml,17/01/2025 4:24,17/01/2025 16:43,44.3475,-115.1946667,7.59,Minor,US,Low
1.87,"14 km S of Volcano, Hawaii",54,ml,17/01/2025 16:57,17/01/2025 17:00,19.31466675,-155.223999,-0.75,Minor,US,Low
1.9,"41 km WNW of Ninilchik, Alaska",56,ml,17/01/2025 12:47,17/01/2025 12:49,60.1629,-152.3784,86.8,Minor,US,Low
1.9,"44 km NW of Toyah, Texas",56,ml,17/01/2025 16:30,17/01/2025 19:50,31.617,-104.101,6.8304,Minor,US,Low
1.9,"50 km S of Whites City, New Mexico",56,ml,17/01/2025 1:17,17/01/2025 14:00,31.724,-104.277,6.2537,Minor,US,Low
1.9,"7 km SE of Pearsall, Texas",56,ml,17/01/2025 6:28,17/01/2025 13:56,28.842,-99.047,7.8369,Minor,US,Low
1.91,"5 km SW of San Pasqual, CA",57,ml,17/01/2025 15:43,17/01/2025 18:32,33.0663333,-116.9951667,15.14,Minor,US,Low
1.92,"10 km NNW of Big Bear City, CA",57,ml,17/01/2025 10:46,17/01/2025 18:34,34.3426667,-116.8883333,1.11,Minor,US,Low
1.93,"9 km SW of Corona, CA",57,ml,17/01/2025 16:59,17/01/2025 22:10,33.808,-117.6293333,4.55,Minor,US,Low
1.5,"28 km SE of Mina, Nevada",35,ml,17/01/2025 7:13,17/01/2025 7:16,38.182,-117.9134,0,Minor,US,Low
1.5,"4 km E of Butte, Montana",35,ml,17/01/2025 20:02,17/01/2025 20:42,46.0065,-112.474,-2,Minor,US,Low
1.5,"44 km N of Chase, Alaska",35,ml,17/01/2025 6:49,17/01/2025 6:51,62.8509,-150.0802,35.6,Minor,US,Low
1.5,"44 km NW of Toyah, Texas",35,ml,17/01/2025 4:08,17/01/2025 13:57,31.624,-104.092,1.8829,Minor,US,Low
1.5,"56 km WNW of Beatty, Nevada",35,ml,17/01/2025 15:52,17/01/2025 15:54,37.1313,-117.3354,0,Minor,US,Low
1.5,"61 km S of Whites City, New Mexico",35,ml,17/01/2025 6:21,17/01/2025 14:05,31.633,-104.5,7.3303,Minor,US,Low
1.5,"62 km S of Whites City, New Mexico",35,ml,17/01/2025 10:44,17/01/2025 13:04,31.619,-104.499,8.6377,Minor,US,Low
1.5,"67 km W of Tyonek, Alaska",35,ml,17/01/2025 4:43,17/01/2025 22:20,61.0329,-152.3847,17.2,Minor,US,Low
1.5,"8 km E of Healy, Alaska",35,ml,17/01/2025 4:41,17/01/2025 4:43,63.848,-148.8004,37.6,Minor,US,Low
-1.09,"64 km WNW of Tyonek, Alaska",0,ml,17/01/2025 6:47,17/01/2025 22:35,61.28466667,-152.2391667,5.63,Minor,US,Low
-0.94,"68 km WNW of Beluga, Alaska",0,ml,17/01/2025 1:55,17/01/2025 21:23,61.34083333,-152.2846667,-2.33,Minor,US,Low
-0.75,"70 km WNW of Beluga, Alaska",0,ml,17/01/2025 0:47,18/01/2025 5:10,61.36866667,-152.318,1.44,Minor,US,Low
-0.67,"64 km WNW of Tyonek, Alaska",0,ml,17/01/2025 16:20,18/01/2025 2:47,61.28033333,-152.2555,2.82,Minor,US,Low
-0.62,"69 km WNW of Beluga, Alaska",0,ml,17/01/2025 14:09,18/01/2025 1:45,61.33933333,-152.3128333,-2.27,Minor,US,Low
-0.56,"63 km WNW of Tyonek, Alaska",0,ml,17/01/2025 11:56,18/01/2025 0:20,61.276,-152.2323333,4.23,Minor,US,Low
-0.55,"68 km WNW of Beluga, Alaska",0,ml,17/01/2025 10:41,17/01/2025 23:41,61.323,-152.2915,-2.24,Minor,US,Low
-0.45,"73 km WNW of Beluga, Alaska",0,ml,17/01/2025 10:44,17/01/2025 23:58,61.356,-152.3683333,1.85,Minor,US,Low
-0.44,"69 km WNW of Tyonek, Alaska",0,ml,17/01/2025 10:13,17/01/2025 23:30,61.289,-152.3356667,-2.52,Minor,US,Low
-0.4,"39 km WNW of Indian Springs, Nevada",0,ml,17/01/2025 10:20,17/01/2025 15:34,36.7386,-116.0551,4.4,Minor,US,Low
-0.4,"47 km ESE of Beatty, Nevada",0,ml,17/01/2025 2:23,17/01/2025 15:22,36.7628,-116.2539,10.1,Minor,US,Low
-0.4,"48 km WNW of Indian Springs, Nevada",0,ml,17/01/2025 17:16,17/01/2025 21:36,36.7546,-116.158,2.1,Minor,US,Low
-0.35,"61 km WNW of Tyonek, Alaska",0,ml,17/01/2025 1:19,17/01/2025 20:56,61.25066667,-152.2063333,20.53,Minor,US,Low
-0.35,"67 km WNW of Beluga, Alaska",0,ml,17/01/2025 17:48,18/01/2025 3:26,61.331,-152.2683333,1.39,Minor,US,Low
-0.35,"80 km WNW of Beluga, Alaska",0,ml,17/01/2025 7:45,17/01/2025 23:07,61.373,-152.5041667,3.55,Minor,US,Low
-0.3,"30 km NW of Indian Springs, Nevada",0,ml,17/01/2025 10:00,17/01/2025 15:31,36.762,-115.9187,3.9,Minor,US,Low
-0.3,"46 km WNW of Indian Springs, Nevada",0,ml,17/01/2025 16:30,17/01/2025 21:30,36.7518,-116.1361,2.6,Minor,US,Low
-0.23,"89 km NNW of Karluk, Alaska",0,ml,17/01/2025 21:13,18/01/2025 4:50,58.31983333,-154.987,0.56,Minor,US,Low
-0.17,"25 km W of Sitka, Alaska",0,ml,17/01/2025 19:55,18/01/2025 4:11,57.0755,-135.7498333,5.52,Minor,US,Low
-0.17,"27 km WNW of Hebgen Lake Estates, Montana",0,ml,17/01/2025 8:39,17/01/2025 18:50,44.831,-111.521,5.73,Minor,US,Low
-0.11,"40 km NE of Adak, Alaska",0,ml,17/01/2025 12:04,18/01/2025 0:25,52.08983333,-176.1655,8.43,Minor,US,Low
-0.11,"66 km WNW of Beluga, Alaska",0,ml,17/01/2025 17:52,18/01/2025 3:22,61.32766667,-152.262,0.42,Minor,US,Low
-0.08,"67 km WNW of Beluga, Alaska",0,ml,17/01/2025 1:45,17/01/2025 21:13,61.32983333,-152.2736667,-0.96,Minor,US,Low
0.02,"41 km W of Susitna, Alaska",0,ml,17/01/2025 6:59,17/01/2025 22:38,61.58016667,-151.2921667,9.77,Minor,US,Low
0.08,"42 km NE of Adak, Alaska",0,ml,17/01/2025 18:31,18/01/2025 3:43,52.088,-176.1241667,15.88,Minor,US,Low
0.11,"83 km NNW of Karluk, Alaska",0,ml,17/01/2025 1:18,17/01/2025 21:01,58.24583333,-155.0538333,3.92,Minor,US,Low
0.16,"12 km ENE of Ronan, Montana",0,ml,17/01/2025 2:26,17/01/2025 18:06,47.55116667,-113.9435,16.29,Minor,US,Low
4,Southern Tibetan Plateau,246,mb,16/01/2025 2:57,16/01/2025 5:47,29.1067,87.4439,10,Moderate,CN,Moderate
4.1,Southern Tibetan Plateau,259,mb,16/01/2025 5:18,16/01/2025 5:48,29.0664,87.6024,10,Moderate,CN,Moderate
4.4,"35 km N of Metah?ra, Ethiopia",298,mb,16/01/2025 2:17,16/01/2025 2:55,9.2212,39.8931,10,Moderate,ET,Moderate
4.4,"42 km N of Bor?zj?n, Iran",298,mb,16/01/2025 21:43,17/01/2025 2:25,29.6524,51.1775,10,Moderate,IR,Moderate
4.4,western Xizang,298,mb,16/01/2025 13:12,16/01/2025 14:16,33.568,81.7899,10,Moderate,CN,Moderate
4.5,"45 km SW of Gelemso, Ethiopia",312,mb,16/01/2025 2:36,16/01/2025 2:58,8.5579,40.2007,10,Moderate,ET,Moderate
4.7,"4 km SSW of ?wash, Ethiopia",341,mb,16/01/2025 20:24,17/01/2025 2:49,8.9445,40.153,10,Moderate,ET,Moderate
4.7,"41 km NNW of Bor?zj?n, Iran",340,mb,16/01/2025 19:20,16/01/2025 19:40,29.6315,51.1162,10,Moderate,IR,Moderate
4.8,Chagos Archipelago region,354,mb,16/01/2025 5:49,16/01/2025 6:13,-5.6916,70.3156,10,Moderate,MV,Moderate
4.9,Southern Tibetan Plateau,369,mb,16/01/2025 3:20,16/01/2025 5:46,28.7987,87.4344,10,Moderate,CN,Moderate
2.3,"5 km NW of Orocovis, Puerto Rico",81,md,16/01/2025 1:49,16/01/2025 2:00,18.2545,-66.429,39.02,Light,PR,Low
2.42,"2 km SE of Yauco, Puerto Rico",90,md,16/01/2025 1:59,16/01/2025 2:07,18.02266667,-66.8325,16.26,Light,PR,Low
2.44,"2 km S of Indios, Puerto Rico",92,md,16/01/2025 17:25,16/01/2025 17:38,17.968,-66.82333333,15.6,Light,PR,Low
2.59,"92 km SSW of Alberto Oviedo Mota, B.C., MX",103,ml,16/01/2025 11:43,16/01/2025 19:23,31.4981667,-115.6223333,5.54,Light,MX,Moderate
3.7,"263 km WSW of Adak, Alaska",211,ml,16/01/2025 0:27,16/01/2025 2:57,51.2035,179.7276,17.8,Light,RU,Moderate
4.1,"Izu Islands, Japan region",259,mb,16/01/2025 14:21,16/01/2025 15:53,29.2249,139.3492,423.297,Moderate,JP,Moderate
4.3,"276 km SW of Severo-Kurilsk, Russia",284,mb,16/01/2025 1:01,16/01/2025 1:31,48.8931,153.4416,171.764,Moderate,RU,Moderate
4.5,"40 km SSE of Tateyama, Japan",312,mb,16/01/2025 0:07,16/01/2025 0:21,34.6318,139.9696,51.198,Moderate,JP,Moderate
4.6,"71 km N of Pototano, Indonesia",326,mb,16/01/2025 13:17,16/01/2025 14:35,-7.7719,117.5885,32.682,Moderate,ID,Moderate
4.8,"28 km NNW of Lubuklinggau, Indonesia",354,mb,16/01/2025 1:07,16/01/2025 1:20,-3.0609,102.7448,201.079,Moderate,ID,Moderate
4.9,south of the Fiji Islands,369,mb,16/01/2025 12:02,16/01/2025 12:25,-24.3301,-176.3162,104.074,Moderate,TO,Moderate
5.1,"145 km S of Isangel, Vanuatu",400,mb,16/01/2025 13:27,16/01/2025 13:45,-20.859,169.2535,30.562,Moderate,VU,Moderate
4.1,"40 km NW of Valdez, Alaska",270,ml,16/01/2025 23:24,17/01/2025 18:06,61.337,-146.958,4,Moderate,US,Moderate
2,"60 km W of Cantwell, Alaska",62,ml,16/01/2025 13:36,16/01/2025 13:38,63.4508,-150.1503,106.2,Light,US,Low
2.02,"18 km E of Little Lake, CA",63,ml,16/01/2025 14:16,16/01/2025 20:02,35.9081667,-117.7046667,4.06,Light,US,Low
2.03,"20 km W of Petrolia, CA",63,md,16/01/2025 18:33,16/01/2025 18:34,40.28833389,-124.5141678,24.31999969,Light,US,Low
2.04,"11 km NNE of Avenal, CA",64,md,16/01/2025 21:41,16/01/2025 21:42,36.10316849,-120.1139984,8.039999962,Light,US,Low
2.08,"44 km WSW of Nikolski, Alaska",67,ml,16/01/2025 18:42,17/01/2025 6:18,52.80733333,-169.478,-0.92,Light,US,Low
2.08,"8 km SW of West Bishop, CA",67,md,16/01/2025 10:05,16/01/2025 10:07,37.29516602,-118.4936676,3.00999999,Light,US,Low
2.1,"19 km ESE of Lindsay, Texas",68,ml,16/01/2025 6:42,16/01/2025 13:52,31.284,-103.362,2.7673,Light,US,Low
2.1,"28 km NNE of Chenega, Alaska",68,ml,16/01/2025 8:59,16/01/2025 9:01,60.2878,-147.7633,17.5,Light,US,Low
2.16,"1 km ENE of Aromas, CA",72,md,16/01/2025 19:40,16/01/2025 20:07,36.89350128,-121.6338348,2.039999962,Light,US,Low
2.21,"21 km NW of Alder Springs, CA",75,md,16/01/2025 16:35,16/01/2025 16:57,39.75933456,-122.9304962,-1.110000014,Light,US,Low
2.22,"21 km NW of Alder Springs, CA",76,md,16/01/2025 15:37,16/01/2025 16:07,39.75583267,-122.9235001,-1.450000048,Light,US,Low
2.22,"9 km ENE of Ocotillo Wells, CA",76,ml,16/01/2025 23:28,17/01/2025 18:37,33.1665,-116.036,6.73,Light,US,Low
2.3,"50 km SE of Glacier View, Alaska",81,ml,16/01/2025 20:51,16/01/2025 20:53,61.4958,-146.973,12.7,Light,US,Low
2.3,"62 km S of Whites City, New Mexico",81,ml,16/01/2025 2:39,16/01/2025 9:30,31.62,-104.5,6.7664,Light,US,Low
2.31,"12 km NE of P?hala, Hawaii",82,ml,16/01/2025 19:57,16/01/2025 21:09,19.2796669,-155.389328,31.56999969,Light,US,Low
2.37,"64 km WNW of Petrolia, CA",86,md,16/01/2025 11:42,16/01/2025 12:07,40.32666779,-125.0400009,5.730000019,Light,US,Low
2.38,"16 km NE of Coachella, CA",87,ml,16/01/2025 5:12,16/01/2025 16:48,33.7861667,-116.0608333,5.18,Light,US,Low
2.5,"25 km WSW of Cooper Landing, Alaska",96,ml,16/01/2025 4:50,16/01/2025 5:13,60.3939,-150.2379,36.2,Light,US,Low
2.56,"22 km W of Petrolia, CA",101,md,16/01/2025 8:06,17/01/2025 1:07,40.3005,-124.5431667,24.14,Light,US,Moderate
2.6,"109 km SSE of Port Graham, Alaska",104,ml,16/01/2025 3:51,16/01/2025 3:55,58.5106,-150.828,35.1,Light,US,Moderate
2.6,"20 km NW of Alder Springs, CA",104,md,16/01/2025 17:06,16/01/2025 17:27,39.75616837,-122.9215012,-1.100000024,Light,US,Moderate
2.6,"49 km NNW of Rampart, Alaska",104,ml,16/01/2025 6:55,16/01/2025 7:57,65.9333,-150.4427,10.6,Light,US,Moderate
2.6,"58 km SW of Cantwell, Alaska",104,ml,16/01/2025 4:18,16/01/2025 4:52,63.0917,-149.9173,80.3,Light,US,Moderate
2.75,"3 km S of Mentone, CA",154,ml,16/01/2025 8:08,17/01/2025 6:22,34.045,-117.1323333,7.6,Light,US,Moderate
2.86,"3 km SSW of P?hala, Hawaii",126,ml,16/01/2025 23:50,17/01/2025 1:17,19.174,-155.496,32.74,Light,US,Moderate
2.92,"21 km NW of Alder Springs, CA",131,md,16/01/2025 19:30,17/01/2025 18:22,39.7585,-122.921,-0.94,Light,US,Moderate
3.2,"161 km ESE of Chignik, Alaska",158,ml,16/01/2025 16:47,16/01/2025 17:35,55.6538,-156.0754,23.7,Light,US,Moderate
3.22,"55 km WNW of Petrolia, CA",160,ml,16/01/2025 15:57,16/01/2025 18:55,40.3409996,-124.939003,0.629999995,Light,US,Moderate
3.5,"112 km SSE of False Pass, Alaska",188,ml,16/01/2025 8:37,16/01/2025 17:18,53.8958,-162.8649,10.3,Light,US,Moderate
3.6,"74 km SSW of Kaktovik, Alaska",199,ml,16/01/2025 4:42,17/01/2025 16:56,69.4876,-144.1717,5.4,Light,US,Moderate
0.31,"7 km WNW of Cobb, CA",1,md,16/01/2025 22:43,16/01/2025 22:44,38.83649826,-122.8021698,2.359999895,Minor,US,Low
0.4,"3 km N of The Geysers, CA",2,md,16/01/2025 16:34,16/01/2025 16:35,38.80400085,-122.7611694,3.559999943,Minor,US,Low
0.43,"2 km NW of The Geysers, CA",3,md,16/01/2025 12:05,16/01/2025 12:06,38.7923317,-122.7774963,2.359999895,Minor,US,Low
0.44,"2 km NW of The Geysers, CA",3,md,16/01/2025 7:26,16/01/2025 7:28,38.7871666,-122.7711639,3.779999971,Minor,US,Low
0.44,"5 km NNW of The Geysers, CA",3,md,16/01/2025 14:35,16/01/2025 14:37,38.81733322,-122.793663,2.269999981,Minor,US,Low
0.48,"8 km NNW of The Geysers, CA",4,md,16/01/2025 1:55,16/01/2025 1:57,38.83133316,-122.8213348,2.269999981,Minor,US,Low
0.56,"14 km SSE of Fern Forest, Hawaii",5,md,16/01/2025 19:57,16/01/2025 20:14,19.34983333,-155.069,6.75,Minor,US,Low
0.56,"7 km NW of The Geysers, CA",5,md,16/01/2025 13:31,16/01/2025 13:32,38.8136673,-122.8168335,0.579999983,Minor,US,Low
0.59,"2 km N of The Geysers, CA",5,md,16/01/2025 4:54,16/01/2025 4:56,38.79249954,-122.7600021,0.239999995,Minor,US,Low
0.65,"13 km NW of The Geysers, CA",6,md,16/01/2025 5:57,16/01/2025 5:58,38.84000015,-122.8775024,2.309999943,Minor,US,Low
0.75,"10 km NW of The Geysers, CA",9,md,16/01/2025 22:49,16/01/2025 22:51,38.83866501,-122.838501,1.830000043,Minor,US,Low
0.75,"3 km NW of The Geysers, CA",9,md,16/01/2025 12:57,16/01/2025 12:59,38.79383469,-122.7796631,3.480000019,Minor,US,Low
0.76,"7 km NW of The Geysers, CA",9,md,16/01/2025 5:36,16/01/2025 5:37,38.8113327,-122.8284988,2.349999905,Minor,US,Low
0.77,"12 km NW of The Geysers, CA",9,md,16/01/2025 1:29,16/01/2025 1:31,38.83433151,-122.87883,2.130000114,Minor,US,Low
0.79,"1 km NNW of Lake Marcel-Stillwater, Washington",10,md,16/01/2025 14:06,16/01/2025 22:30,47.707,-121.929,27.41,Minor,US,Low
0.79,"6 km WNW of Cobb, CA",10,md,16/01/2025 18:49,16/01/2025 18:50,38.82566833,-122.7929993,2.680000067,Minor,US,Low
0.81,"2 km NW of The Geysers, CA",10,md,16/01/2025 13:46,16/01/2025 13:48,38.79116821,-122.7768326,1.450000048,Minor,US,Low
1.03,"7 km WNW of Cobb, CA",16,md,16/01/2025 12:07,16/01/2025 12:09,38.83649826,-122.8073349,2.029999971,Minor,US,Low
1.04,"9 km WNW of Cobb, CA",17,md,16/01/2025 9:45,16/01/2025 9:47,38.84433365,-122.828331,1.169999957,Minor,US,Low
1.04,"9 km WNW of Cobb, CA",17,md,16/01/2025 13:26,16/01/2025 13:27,38.84000015,-122.8255005,1.830000043,Minor,US,Low
1.05,"9 km WNW of Cobb, CA",17,md,16/01/2025 16:34,16/01/2025 16:36,38.83983231,-122.824501,2.059999943,Minor,US,Low
1.08,"7 km NW of The Geysers, CA",18,md,16/01/2025 10:35,16/01/2025 10:37,38.8168335,-122.8233337,2.109999895,Minor,US,Low
1.09,"8 km NNW of The Geysers, CA",18,md,16/01/2025 16:24,16/01/2025 16:25,38.83166504,-122.8144989,1.889999986,Minor,US,Low
1.09,"8 km NNW of The Geysers, CA",18,md,16/01/2025 17:15,16/01/2025 17:17,38.83416748,-122.8181686,1.450000048,Minor,US,Low
1.09,"9 km NW of The Geysers, CA",18,md,16/01/2025 7:54,16/01/2025 7:56,38.82333374,-122.8444977,2.230000019,Minor,US,Low
1.1,"2 km NW of The Geysers, CA",19,md,16/01/2025 16:59,16/01/2025 17:01,38.7923317,-122.7763367,1.220000029,Minor,US,Low
1.11,"2 km NNE of The Geysers, CA",19,md,16/01/2025 6:02,16/01/2025 6:16,38.79333496,-122.7546692,0.25999999,Minor,US,Low
1.14,"2 km NNE of The Geysers, CA",20,md,16/01/2025 5:43,16/01/2025 5:44,38.79266739,-122.7551651,0.310000002,Minor,US,Low
1.14,"9 km NW of The Geysers, CA",20,md,16/01/2025 14:59,16/01/2025 15:01,38.82916641,-122.8401642,7.829999924,Minor,US,Low
1.17,"18 km WSW of Toms Place, CA",21,md,16/01/2025 21:01,16/01/2025 21:03,37.47650146,-118.8501663,2.809999943,Minor,US,Low
1.17,"5 km SSE of Snowbird, Utah",21,md,16/01/2025 19:31,16/01/2025 19:47,40.53533333,-111.6238333,-0.29,Minor,US,Low
1.25,"2 km N of The Geysers, CA",24,md,16/01/2025 4:59,16/01/2025 5:00,38.79116821,-122.7588348,0.649999976,Minor,US,Low
1.35,"8 km WNW of Cobb, CA",28,md,16/01/2025 5:23,16/01/2025 5:34,38.83933258,-122.8101654,1.909999967,Minor,US,Low
1.37,"2 km NNE of The Geysers, CA",29,md,16/01/2025 20:51,16/01/2025 20:53,38.79249954,-122.7561646,0.079999998,Minor,US,Low
1.38,"10 km SSE of Pinnacles, CA",29,md,16/01/2025 15:51,16/01/2025 15:52,36.46166611,-121.0803299,0.200000003,Minor,US,Low
1.38,"6 km WNW of Redwood Valley, CA",29,md,16/01/2025 8:38,16/01/2025 8:40,39.28099823,-123.2768326,2.039999962,Minor,US,Low
1.41,"5 km WSW of Yountville, CA",31,md,16/01/2025 11:10,16/01/2025 11:12,38.37316513,-122.3993301,8.409999847,Minor,US,Low
1.54,"2 km NNE of The Geysers, CA",36,md,16/01/2025 5:44,16/01/2025 5:45,38.79266739,-122.7549973,-0.050000001,Minor,US,Low
1.66,"15 km SE of Pinnacles, CA",42,md,16/01/2025 1:49,16/01/2025 1:50,36.44616699,-121.0081635,0.870000005,Minor,US,Low
1.73,"46 km W of Petrolia, CA",46,md,16/01/2025 12:41,16/01/2025 12:43,40.3073349,-124.8239975,5.610000134,Minor,US,Low
1.74,"3 km NW of The Geysers, CA",47,md,16/01/2025 0:22,16/01/2025 0:26,38.79383469,-122.7809982,3.309999943,Minor,US,Low
1.75,"3 km NW of The Geysers, CA",47,md,16/01/2025 12:08,16/01/2025 12:11,38.79299927,-122.7774963,1.879999995,Minor,US,Low
1.75,"4 km SE of Apison, Tennessee",47,md,16/01/2025 18:49,17/01/2025 13:45,34.99716667,-84.9895,2.8,Minor,US,Low
1.6,"20 km W of Livengood, Alaska",39,ml,16/01/2025 11:26,16/01/2025 11:28,65.5012,-148.9797,14,Minor,US,Low
1.6,"38 km WNW of Cohoe, Alaska",39,ml,16/01/2025 8:43,16/01/2025 8:44,60.439,-151.9921,74.8,Minor,US,Low
1.6,"39 km NNE of Nixon, Nevada",39,ml,16/01/2025 10:04,16/01/2025 20:37,40.1477,-119.1392,14.3,Minor,US,Low
1.6,"45 km S of Glacier View, Alaska",39,ml,16/01/2025 9:49,16/01/2025 9:51,61.3995,-147.5862,23.1,Minor,US,Low
1.6,"50 km SSE of Whites City, New Mexico",39,ml,16/01/2025 10:53,16/01/2025 13:27,31.733,-104.253,6.9714,Minor,US,Low
1.6,"53 km S of Whites City, New Mexico",39,ml,16/01/2025 22:19,17/01/2025 14:22,31.698,-104.345,7.561,Minor,US,Low
1.6,"62 km S of Whites City, New Mexico",39,ml,16/01/2025 4:50,16/01/2025 11:44,31.619,-104.497,6.9202,Minor,US,Low
1.6,"68 km ESE of Denali National Park, Alaska",39,ml,16/01/2025 4:43,16/01/2025 4:45,63.2168,-150.5641,115.3,Minor,US,Low
1.6,"9 km ESE of Midland, Texas",39,ml,16/01/2025 20:28,17/01/2025 13:53,31.981,-101.983,8.8867,Minor,US,Low
0.2,"68 km WNW of Beluga, Alaska",1,ml,16/01/2025 10:55,17/01/2025 4:44,61.35,-152.2736667,-0.41,Minor,US,Low
0.21,"59 km NW of Beluga, Alaska",1,ml,16/01/2025 12:12,17/01/2025 4:56,61.4775,-151.94,4.28,Minor,US,Low
0.23,"85 km NW of Karluk, Alaska",1,ml,16/01/2025 8:57,16/01/2025 22:50,58.174,-155.3433333,1.73,Minor,US,Low
0.24,"24 km W of Dutch Harbor, Alaska",1,ml,16/01/2025 21:25,17/01/2025 7:51,53.88266667,-166.9181667,4.27,Minor,US,Low
0.46,"60 km NW of Beluga, Alaska",3,ml,16/01/2025 9:28,17/01/2025 3:31,61.47266667,-151.9688333,1.82,Minor,US,Low
0.47,"14 km SE of Anza, CA",3,ml,16/01/2025 3:23,16/01/2025 15:03,33.4593333,-116.5671667,9.91,Minor,US,Low
0.47,"26 km WNW of Hebgen Lake Estates, Montana",3,ml,16/01/2025 2:33,16/01/2025 15:07,44.84133333,-111.5105,7.62,Minor,US,Low
0.48,"2 km S of Mentone, CA",4,ml,16/01/2025 8:21,16/01/2025 18:21,34.0513333,-117.1308333,8.2,Minor,US,Low
0.51,"10 km S of Idyllwild, CA",4,ml,16/01/2025 5:38,16/01/2025 15:02,33.6486667,-116.7056667,14.15,Minor,US,Low
0.53,"6 km NNW of Aguanga, CA",4,ml,16/01/2025 21:37,16/01/2025 21:42,33.49,-116.8875,8.48,Minor,US,Low
0.56,"23 km ESE of Anza, CA",5,ml,16/01/2025 9:42,16/01/2025 15:01,33.4663333,-116.4448333,10.04,Minor,US,Low
0.57,"29 km N of Ivanof Bay, Alaska",5,ml,16/01/2025 0:24,16/01/2025 19:36,56.16483333,-159.4253333,11.84,Minor,US,Low
0.59,"56 km NW of Beluga, Alaska",5,ml,16/01/2025 1:33,16/01/2025 20:13,61.507,-151.8233333,23.54,Minor,US,Low
0.65,"24 km WNW of Inyokern, CA",6,ml,16/01/2025 7:31,16/01/2025 17:35,35.7341667,-118.0571667,1.56,Minor,US,Low
0.69,"24 km W of Sitka, Alaska",7,ml,16/01/2025 22:55,17/01/2025 8:22,57.06033333,-135.7291667,4.79,Minor,US,Low
0.71,"23 km ESE of Anza, CA",8,ml,16/01/2025 9:44,16/01/2025 15:01,33.4648333,-116.4485,10.57,Minor,US,Low
0.74,"2 km WSW of Ponderosa Pines, Montana",8,ml,16/01/2025 3:10,16/01/2025 15:23,46.02333333,-111.4005,9.06,Minor,US,Low
0.75,"16 km N of Amanda Park, Washington",9,ml,16/01/2025 11:42,16/01/2025 23:52,47.61066667,-123.923,3.64,Minor,US,Low
0.79,"3 km S of Mentone, CA",10,ml,16/01/2025 10:43,16/01/2025 19:03,34.045,-117.1338333,6.33,Minor,US,Low
0.8,"16 km NE of Yerington, Nevada",10,ml,16/01/2025 5:38,16/01/2025 19:45,39.0918,-119.0251,8.6,Minor,US,Low
0.81,"8 km ESE of Valle Vista, CA",10,ml,16/01/2025 6:08,16/01/2025 15:02,33.7086667,-116.8185,15.1,Minor,US,Low
0.82,"2 km S of Mentone, CA",10,ml,16/01/2025 8:00,16/01/2025 17:56,34.0481667,-117.1335,7.14,Minor,US,Low
0.82,"5 km SE of Ontario, CA",10,ml,16/01/2025 2:43,16/01/2025 15:28,34.0263333,-117.5838333,6.84,Minor,US,Low
0.83,"8 km SSE of Idyllwild, CA",11,ml,16/01/2025 8:15,16/01/2025 15:01,33.675,-116.6913333,16.31,Minor,US,Low
0.85,"17 km ESE of Little Lake, CA",11,ml,16/01/2025 23:17,17/01/2025 18:37,35.8953333,-117.7271667,4.46,Minor,US,Low
0.88,"23 km ESE of Anza, CA",12,ml,16/01/2025 9:22,16/01/2025 15:02,33.4635,-116.4501667,10.39,Minor,US,Low
0.89,"4 km ENE of Frazier Park, CA",12,ml,16/01/2025 17:27,16/01/2025 20:03,34.8325,-118.908,13.28,Minor,US,Low
0.9,"14 km NNW of Sand Springs, Texas",12,ml,16/01/2025 11:23,16/01/2025 14:03,32.413,-101.391,7.1289,Minor,US,Low
0.9,"27 km SSE of Minto, Alaska",12,ml,16/01/2025 5:49,16/01/2025 5:50,64.9201,-149.1712,19.1,Minor,US,Low
0.9,"37 km SSE of Goldfield, Nevada",12,ml,16/01/2025 7:24,16/01/2025 20:03,37.3865,-117.1271,5.8,Minor,US,Low
0.92,"11 km WNW of Garnet, CA",13,ml,16/01/2025 8:20,16/01/2025 18:03,33.958,-116.6496667,13.99,Minor,US,Low
0.92,"2 km S of Mentone, CA",13,ml,16/01/2025 20:32,16/01/2025 20:39,34.053,-117.1385,6.06,Minor,US,Low
0.93,"10 km ENE of Ocotillo Wells, CA",13,ml,16/01/2025 15:14,16/01/2025 19:50,33.1766667,-116.0295,6.83,Minor,US,Low
0.94,"12 km SSW of Searles Valley, CA",14,ml,16/01/2025 11:49,16/01/2025 17:48,35.6746667,-117.475,8.52,Minor,US,Low
0.98,"4 km NE of Lake Arrowhead, CA",15,ml,16/01/2025 0:49,16/01/2025 1:07,34.2721667,-117.15,7.45,Minor,US,Low
1,"1 km NNW of Sun Valley, Nevada",15,ml,16/01/2025 10:17,16/01/2025 21:53,39.6084,-119.7842,5.3,Minor,US,Low
1,"17 km NE of Yerington, Nevada",15,ml,16/01/2025 4:25,16/01/2025 15:34,39.0933,-119.0221,8.2,Minor,US,Low
1,"20 km NE of Yerington, Nevada",15,ml,16/01/2025 5:24,16/01/2025 19:32,39.1258,-119.01,6.7,Minor,US,Low
1,"58 km W of Anchor Point, Alaska",15,ml,16/01/2025 10:26,16/01/2025 10:28,59.7929,-152.8703,73.8,Minor,US,Low
1,"8 km ENE of Fox, Alaska",15,ml,16/01/2025 0:10,16/01/2025 0:11,64.9855,-147.4515,2,Minor,US,Low
1.02,"2 km E of Kingsgate, Washington",16,ml,16/01/2025 11:29,16/01/2025 22:39,47.729,-122.1485,25.53,Minor,US,Low
1.02,"20 km SSE of Swan Lake, Montana",16,ml,16/01/2025 15:36,16/01/2025 18:45,47.75366667,-113.7688333,14.6,Minor,US,Low
1.02,"4 km WSW of Lebec, CA",16,ml,16/01/2025 17:07,16/01/2025 17:30,34.8296667,-118.903,11.71,Minor,US,Low
1.05,"13 km ENE of Borrego Springs, CA",17,ml,16/01/2025 8:25,16/01/2025 18:38,33.3043333,-116.2453333,7.18,Minor,US,Low
1.06,"3 km W of Lucien, Oklahoma",17,ml,16/01/2025 8:37,17/01/2025 13:18,36.279,-97.49666667,7.15,Minor,US,Low
1.06,"9 km ENE of Ocotillo Wells, CA",17,ml,16/01/2025 3:58,16/01/2025 15:03,33.1683333,-116.0368333,6.65,Minor,US,Low
1.07,"13 km ENE of Ridgecrest, CA",18,ml,16/01/2025 17:25,16/01/2025 20:11,35.6601667,-117.5385,8.42,Minor,US,Low
1.07,"4 km NNW of Moreno Valley, CA",18,ml,16/01/2025 22:04,16/01/2025 22:08,33.9618333,-117.2493333,-0.61,Minor,US,Low
1.09,"6 km NNE of Banning, CA",18,ml,16/01/2025 23:59,17/01/2025 18:36,33.977,-116.8608333,18.29,Minor,US,Low
1.1,"13 km SE of Tehachapi, CA",19,ml,16/01/2025 21:18,16/01/2025 21:22,35.0546667,-118.3411667,-0.28,Minor,US,Low
1.1,"14 km NNW of Sand Springs, Texas",19,ml,16/01/2025 14:33,16/01/2025 19:16,32.411,-101.399,5.9814,Minor,US,Low
1.1,"18 km E of Little Lake, CA",19,ml,16/01/2025 14:22,16/01/2025 14:59,35.9051667,-117.7078333,2.79,Minor,US,Low
1.1,"3 km S of Issaquah, Washington",19,ml,16/01/2025 7:26,16/01/2025 20:36,47.498,-122.026,6.12,Minor,US,Low
1.1,"30 km WNW of Ester, Alaska",19,ml,16/01/2025 22:01,16/01/2025 22:04,64.912,-148.6449,14.2,Minor,US,Low
1.13,"11 km ENE of Ashford, Washington",20,ml,16/01/2025 11:49,16/01/2025 22:21,46.78433333,-121.8863333,10.13,Minor,US,Low
1.14,"20 km E of Little Lake, CA",20,ml,16/01/2025 17:44,16/01/2025 19:42,35.9518333,-117.6811667,3.94,Minor,US,Low
1.16,"8 km ENE of Avon, Montana",21,ml,16/01/2025 5:25,16/01/2025 14:54,46.63383333,-112.4985,6.1,Minor,US,Low
1.18,"4 km SSE of Mill Creek, Oklahoma",21,ml,16/01/2025 21:10,17/01/2025 13:05,34.37133333,-96.80566667,0,Minor,US,Low
1.2,"14 km ESE of Hawthorne, Nevada",22,ml,16/01/2025 12:18,16/01/2025 22:27,38.475,-118.4764,9.8,Minor,US,Low
1.2,"17 km NE of Yerington, Nevada",22,ml,16/01/2025 5:18,16/01/2025 19:20,39.0916,-119.0206,8,Minor,US,Low
1.2,"23 km NNE of Yerington, Nevada",22,ml,16/01/2025 0:21,16/01/2025 1:15,39.1651,-119.0193,4.6,Minor,US,Low
1.2,"36 km WNW of Anchor Point, Alaska",22,ml,16/01/2025 6:32,16/01/2025 6:35,59.903,-152.4251,82.8,Minor,US,Low
1.2,"51 km S of Silver Peak, Nevada",22,ml,16/01/2025 4:40,16/01/2025 18:46,37.2902,-117.6967,0.1,Minor,US,Low
1.22,"14 km NNW of Tehachapi, CA",23,ml,16/01/2025 2:54,16/01/2025 15:03,35.2418333,-118.5198333,4.81,Minor,US,Low
1.24,"2 km S of Mentone, CA",24,ml,16/01/2025 8:09,16/01/2025 18:16,34.0481667,-117.1326667,7.26,Minor,US,Low
1.25,"4 km NNW of San Joaquin Hills, CA",24,ml,16/01/2025 4:33,16/01/2025 16:29,33.6478333,-117.8496667,8.24,Minor,US,Low
1.27,"8 km W of Holtville, CA",25,ml,16/01/2025 12:20,16/01/2025 17:23,32.8166667,-115.4676667,7.01,Minor,US,Low
1.27,"8 km WSW of Davis, Oklahoma",25,ml,16/01/2025 17:56,17/01/2025 13:12,34.47516667,-97.201,0,Minor,US,Low
1.28,"12 km NE of Coso Junction, CA",25,ml,16/01/2025 4:58,16/01/2025 15:02,36.11,-117.8415,2.25,Minor,US,Low
1.28,"23 km WSW of Westmorland, CA",25,ml,16/01/2025 3:30,16/01/2025 16:12,32.959,-115.8546667,8.42,Minor,US,Low
1.3,"17 km WSW of Willow, Alaska",26,ml,16/01/2025 16:42,16/01/2025 16:44,61.6881,-150.3503,30.9,Minor,US,Low
1.3,"27 km NNE of Chickaloon, Alaska",26,ml,16/01/2025 5:41,16/01/2025 5:43,62.0269,-148.2827,18.6,Minor,US,Low
1.3,"29 km ESE of Gakona, Alaska",26,ml,16/01/2025 13:54,16/01/2025 13:57,62.1714,-144.8017,19.6,Minor,US,Low
1.3,"53 km NW of Karluk, Alaska",26,ml,16/01/2025 21:49,16/01/2025 21:51,57.8948,-155.1161,39.5,Minor,US,Low
1.3,"6 km NNE of Truckee, California",26,ml,16/01/2025 1:30,16/01/2025 18:13,39.3841,-120.1541,10.1,Minor,US,Low
1.31,"20 km E of Little Lake, CA",26,ml,16/01/2025 20:56,16/01/2025 21:32,35.9471667,-117.6891667,3.28,Minor,US,Low
1.33,"10 km ENE of Ocotillo Wells, CA",27,ml,16/01/2025 0:55,16/01/2025 1:18,33.1726667,-116.0361667,7.11,Minor,US,Low
1.34,"4 km WSW of Wilderness Rim, Washington",28,ml,16/01/2025 12:51,16/01/2025 22:26,47.43316667,-121.8243333,19.98,Minor,US,Low
1.35,"4 km W of Townsend, Montana",28,ml,16/01/2025 21:29,16/01/2025 22:10,46.31983333,-111.5843333,-2,Minor,US,Low
1.37,"4 km SSE of Home Gardens, CA",29,ml,16/01/2025 22:05,16/01/2025 22:10,33.8433342,-117.5018311,6.95,Minor,US,Low
1.38,"5 km SE of Owasso, Oklahoma",29,ml,16/01/2025 18:49,17/01/2025 17:04,36.24266667,-95.80716667,0,Minor,US,Low
1.39,"3 km S of Mentone, CA",30,ml,16/01/2025 2:09,16/01/2025 15:04,34.0446667,-117.1333333,6.41,Minor,US,Low
1.4,"14 km NNE of Yerington, Nevada",30,ml,16/01/2025 4:32,16/01/2025 15:40,39.1088,-119.1113,8,Minor,US,Low
1.4,"18 km E of Little Lake, CA",30,ml,16/01/2025 13:26,16/01/2025 17:37,35.9066667,-117.7093333,2.71,Minor,US,Low
1.4,"19 km NNE of Yerington, Nevada",30,ml,16/01/2025 0:12,16/01/2025 1:09,39.1442,-119.0696,4.9,Minor,US,Low
1.4,"22 km WSW of Anchorage, Alaska",30,ml,16/01/2025 3:45,16/01/2025 3:47,61.1494,-150.2882,146.1,Minor,US,Low
1.4,"45 km E of Pedro Bay, Alaska",30,ml,16/01/2025 3:54,16/01/2025 3:58,59.8525,-153.3128,122.8,Minor,US,Low
1.4,"54 km E of Clear, Alaska",30,ml,16/01/2025 0:09,16/01/2025 0:11,64.2512,-148.0662,6.8,Minor,US,Low
1.42,"4 km ENE of Rancho San Diego, CA",32,ml,16/01/2025 22:30,17/01/2025 4:32,32.766,-116.8933333,3.26,Minor,US,Low
1.48,"28 km S of Ennis, Montana",34,ml,16/01/2025 22:40,17/01/2025 0:42,45.08833333,-111.7168333,-2,Minor,US,Low
1.49,"2 km SSE of Loma Linda, CA",34,ml,16/01/2025 20:31,16/01/2025 21:34,34.035,-117.2505,14.8,Minor,US,Low
1.5,"56 km E of Port Alsworth, Alaska",35,ml,16/01/2025 16:32,16/01/2025 16:35,60.281,-153.3078,162.1,Minor,US,Low
1.5,"61 km S of Whites City, New Mexico",35,ml,16/01/2025 2:43,16/01/2025 11:56,31.629,-104.495,6.6638,Minor,US,Low
1.5,"66 km E of Port Alsworth, Alaska",35,ml,16/01/2025 14:14,16/01/2025 14:16,60.3125,-153.1279,126.4,Minor,US,Low
1.5,"8 km ESE of Borrego Springs, CA",35,ml,16/01/2025 19:25,16/01/2025 19:30,33.2405,-116.2865,10.95,Minor,US,Low
1.5,"9 km NNW of Forsan, Texas",35,ml,16/01/2025 19:39,17/01/2025 14:31,32.193,-101.395,6.3721,Minor,US,Low
1.53,"14 km SW of False Pass, Alaska",36,ml,16/01/2025 1:56,16/01/2025 19:27,54.77433333,-163.5931667,25.86,Minor,US,Low
1.54,"10 km NE of Thomas, Oklahoma",36,ml,16/01/2025 12:23,17/01/2025 13:30,35.81483333,-98.66333333,19.9,Minor,US,Low
1.56,"24 km NW of Grapevine, CA",37,ml,16/01/2025 5:28,16/01/2025 17:09,35.0753333,-119.1358333,11.41,Minor,US,Low
1.57,"9 km ENE of Ocotillo Wells, CA",38,ml,16/01/2025 2:50,16/01/2025 15:58,33.1681667,-116.0368333,6.76,Minor,US,Low
1.61,"8 km SSE of McKenna, Washington",40,ml,16/01/2025 2:00,16/01/2025 18:37,46.86633333,-122.5023333,22.26,Minor,US,Low
1.62,"7 km W of Holtville, CA",40,ml,16/01/2025 11:14,16/01/2025 19:20,32.807,-115.4581667,11.26,Minor,US,Low
1.62,"9 km ENE of Ocotillo Wells, CA",40,ml,16/01/2025 0:50,16/01/2025 1:12,33.1695,-116.0378333,6.58,Minor,US,Low
1.64,"10 km SSW of Bodfish, CA",41,ml,16/01/2025 15:50,16/01/2025 19:42,35.5016667,-118.5266667,3.03,Minor,US,Low
1.66,"12 km SSW of Orderville, Utah",42,ml,16/01/2025 19:50,16/01/2025 20:06,37.1825,-112.7065,9.24,Minor,US,Low
1.68,"5 km NNW of Boron, CA",43,ml,16/01/2025 0:33,16/01/2025 1:05,35.0455,-117.6683333,-0.79,Minor,US,Low
1.7,"24 km WNW of Susitna, Alaska",44,ml,16/01/2025 13:39,16/01/2025 13:41,61.6239,-150.9475,62.2,Minor,US,Low
1.7,"25 km NNW of Fishhook, Alaska",44,ml,16/01/2025 6:28,16/01/2025 6:31,61.9712,-149.3421,17.9,Minor,US,Low
1.7,"53 km SE of Denali National Park, Alaska",44,ml,16/01/2025 17:12,16/01/2025 17:14,63.1924,-150.9801,0,Minor,US,Low
1.7,"6 km ESE of Eagle River, Alaska",44,ml,16/01/2025 7:35,16/01/2025 7:37,61.2948,-149.4496,28.5,Minor,US,Low
1.7,"64 km WNW of Happy Valley, Alaska",44,ml,16/01/2025 20:09,16/01/2025 20:12,60.1269,-152.8388,107.2,Minor,US,Low
1.75,"4 km SSW of Port Ludlow, Washington",47,ml,16/01/2025 20:13,16/01/2025 22:06,47.88683333,-122.7126667,-0.03,Minor,US,Low
1.8,"56 km S of Whites City, New Mexico",50,ml,16/01/2025 12:16,16/01/2025 13:16,31.668,-104.329,6.9202,Minor,US,Low
1.8,"57 km N of Petersville, Alaska",50,ml,16/01/2025 17:58,16/01/2025 18:00,63.0016,-150.5827,109.2,Minor,US,Low
1.8,"63 km ESE of Denali National Park, Alaska",50,ml,16/01/2025 12:40,16/01/2025 12:42,63.3669,-150.5197,5.7,Minor,US,Low
1.83,"4 km WSW of Anza, CA",52,ml,16/01/2025 15:38,16/01/2025 19:44,33.5375,-116.712,8.73,Minor,US,Low
1.84,"26 km ENE of Nipomo, CA",52,ml,16/01/2025 13:26,16/01/2025 15:01,35.1275,-120.2071667,1.62,Minor,US,Low
1.9,"15 km SSE of Clam Gulch, Alaska",56,ml,16/01/2025 12:04,16/01/2025 12:07,60.1087,-151.2492,26.4,Minor,US,Low
1.9,"57 km N of Petersville, Alaska",56,ml,16/01/2025 4:11,16/01/2025 4:13,63.0131,-150.6448,104.2,Minor,US,Low
1.9,"61 km S of Whites City, New Mexico",56,ml,16/01/2025 5:02,16/01/2025 14:01,31.628,-104.494,6.6125,Minor,US,Low
1.9,"7 km SE of Funny River, Alaska",56,ml,16/01/2025 13:17,16/01/2025 13:19,60.4585,-150.6623,40.2,Minor,US,Low
1.91,"22 km WNW of Stanley, Idaho",56,ml,16/01/2025 18:27,16/01/2025 19:08,44.32283333,-115.1826667,6.38,Minor,US,Low
1.99,"18 km E of Little Lake, CA",61,ml,16/01/2025 13:34,16/01/2025 17:57,35.9045,-117.706,2.75,Minor,US,Low
1.99,"25 km SSW of Frazier Park, CA",61,ml,16/01/2025 18:44,16/01/2025 18:56,34.62,-119.061,2.64,Minor,US,Low
-1,"66 km WNW of Beluga, Alaska",0,ml,16/01/2025 4:25,16/01/2025 20:55,61.3195,-152.2548333,1.04,Minor,US,Low
-0.98,"65 km ENE of Pedro Bay, Alaska",0,ml,16/01/2025 13:15,17/01/2025 5:07,60.05316667,-153.0711667,0.54,Minor,US,Low
-0.91,"64 km ENE of Pedro Bay, Alaska",0,ml,16/01/2025 5:43,16/01/2025 21:44,60.0175,-153.0498333,1.23,Minor,US,Low
-0.88,"63 km WNW of Tyonek, Alaska",0,ml,16/01/2025 14:03,17/01/2025 5:23,61.27283333,-152.242,3.19,Minor,US,Low
-0.7,"67 km WNW of Beluga, Alaska",0,ml,16/01/2025 19:03,17/01/2025 6:23,61.33483333,-152.2763333,-2.37,Minor,US,Low
-0.68,"83 km NNW of Karluk, Alaska",0,ml,16/01/2025 19:37,17/01/2025 7:12,58.2425,-155.0863333,5.72,Minor,US,Low
-0.66,"64 km ENE of Pedro Bay, Alaska",0,ml,16/01/2025 4:06,16/01/2025 20:49,60.05283333,-153.0773333,0.73,Minor,US,Low
-0.65,"63 km WNW of Tyonek, Alaska",0,ml,16/01/2025 8:48,17/01/2025 3:23,61.27766667,-152.2321667,5.7,Minor,US,Low
-0.62,"16 km W of Dutch Harbor, Alaska",0,ml,16/01/2025 20:48,17/01/2025 7:47,53.86283333,-166.7813333,6.22,Minor,US,Low
-0.62,"66 km WNW of Beluga, Alaska",0,ml,16/01/2025 23:01,17/01/2025 8:35,61.32833333,-152.2675,0.34,Minor,US,Low
-0.59,"60 km WNW of Tyonek, Alaska",0,ml,16/01/2025 21:10,17/01/2025 7:57,61.25883333,-152.1863333,20.58,Minor,US,Low
-0.59,"62 km ENE of Pedro Bay, Alaska",0,ml,16/01/2025 5:07,17/01/2025 9:22,60.02316667,-153.085,-0.68,Minor,US,Low
-0.57,"63 km ENE of Pedro Bay, Alaska",0,ml,16/01/2025 7:00,16/01/2025 22:03,60.04483333,-153.0868333,-2.51,Minor,US,Low
-0.49,"85 km NNW of Karluk, Alaska",0,ml,16/01/2025 15:56,17/01/2025 5:46,58.2435,-155.1371667,2.52,Minor,US,Low
-0.48,"66 km WNW of Beluga, Alaska",0,ml,16/01/2025 19:57,17/01/2025 7:06,61.32666667,-152.2616667,0.73,Minor,US,Low
-0.44,"68 km WNW of Beluga, Alaska",0,ml,16/01/2025 23:57,17/01/2025 9:09,61.325,-152.2953333,0.26,Minor,US,Low
-0.43,"63 km ENE of Pedro Bay, Alaska",0,ml,16/01/2025 10:24,17/01/2025 3:44,60.0455,-153.0883333,-0.11,Minor,US,Low
-0.43,"63 km WNW of Tyonek, Alaska",0,ml,16/01/2025 20:39,17/01/2025 7:28,61.2865,-152.23,3.5,Minor,US,Low
-0.42,"84 km NNW of Karluk, Alaska",0,ml,16/01/2025 6:42,16/01/2025 21:59,58.23933333,-155.1291667,3.39,Minor,US,Low
-0.38,"73 km WNW of Beluga, Alaska",0,ml,16/01/2025 23:34,17/01/2025 9:00,61.37366667,-152.3695,3.64,Minor,US,Low
-0.32,"63 km ENE of Pedro Bay, Alaska",0,ml,16/01/2025 21:41,17/01/2025 8:05,60.04483333,-153.0845,0.04,Minor,US,Low
-0.31,"58 km NW of Beluga, Alaska",0,ml,16/01/2025 8:22,16/01/2025 22:30,61.4795,-151.9076667,7.9,Minor,US,Low
-0.28,"60 km NW of Beluga, Alaska",0,ml,16/01/2025 9:52,17/01/2025 3:39,61.4875,-151.9603333,5.61,Minor,US,Low
-0.25,"60 km NW of Beluga, Alaska",0,ml,16/01/2025 8:06,16/01/2025 22:21,61.48633333,-151.9521667,6.42,Minor,US,Low
-0.25,"68 km WNW of Beluga, Alaska",0,ml,16/01/2025 8:28,16/01/2025 22:53,61.31416667,-152.3095,0.6,Minor,US,Low
-0.22,"84 km NNW of Karluk, Alaska",0,ml,16/01/2025 20:51,17/01/2025 7:35,58.2745,-154.9918333,3.04,Minor,US,Low
-0.12,"48 km ENE of Kenny Lake, Alaska",0,ml,16/01/2025 0:24,16/01/2025 19:43,61.92866667,-144.15,14.5,Minor,US,Low
-0.1,"86 km NNW of Karluk, Alaska",0,ml,16/01/2025 23:56,17/01/2025 9:14,58.31566667,-154.8513333,5.36,Minor,US,Low
-0.07,"84 km NNW of Karluk, Alaska",0,ml,16/01/2025 10:33,17/01/2025 3:49,58.24266667,-155.1281667,3.78,Minor,US,Low
-0.06,"60 km NW of Beluga, Alaska",0,ml,16/01/2025 7:59,16/01/2025 22:10,61.48483333,-151.9531667,6.01,Minor,US,Low
-0.06,"61 km WNW of Tyonek, Alaska",0,ml,16/01/2025 1:20,16/01/2025 20:08,61.265,-152.2015,21.36,Minor,US,Low
-0.06,"66 km WNW of Tyonek, Alaska",0,ml,16/01/2025 16:18,17/01/2025 5:39,61.30016667,-152.2736667,-0.02,Minor,US,Low
-0.04,"19 km S of Swan Lake, Montana",0,ml,16/01/2025 15:27,16/01/2025 18:40,47.75666667,-113.8008333,12.95,Minor,US,Low
-0.03,"65 km WNW of Beluga, Alaska",0,ml,16/01/2025 2:25,16/01/2025 20:35,61.29683333,-152.2501667,0.78,Minor,US,Low
-0.01,"60 km NW of Beluga, Alaska",0,ml,16/01/2025 8:17,16/01/2025 22:27,61.4845,-151.9506667,6.37,Minor,US,Low
0.1,"28 km NW of Karluk, Alaska",0,ml,16/01/2025 17:28,17/01/2025 6:08,57.7782,-154.7214,53.9,Minor,US,Low
